case,requested_width_points,requested_height_points,requested_pixels_per_point,theme,locale,mode,actual_width_pixels,actual_height_pixels,actual_width_points,actual_height_points,actual_pixels_per_point,observed_state,notice
complete-1280x850-light-en-p100-a,1280,850,1,light,en,a,1280,850,1280.000,850.000,1.000,"Complete","Complete"
complete-1280x850-light-en-p200-a,1280,850,2,light,en,a,2560,1700,1280.000,850.000,2.000,"Complete","Complete"
complete-1280x850-light-es-p100-a,1280,850,1,light,es,a,1280,850,1280.000,850.000,1.000,"Complete","Completo"
complete-1280x850-light-es-p200-a,1280,850,2,light,es,a,2560,1700,1280.000,850.000,2.000,"Complete","Completo"
complete-1280x850-dark-en-p100-a,1280,850,1,dark,en,a,1280,850,1280.000,850.000,1.000,"Complete","Complete"
complete-1280x850-dark-en-p200-a,1280,850,2,dark,en,a,2560,1700,1280.000,850.000,2.000,"Complete","Complete"
complete-1280x850-dark-es-p100-a,1280,850,1,dark,es,a,1280,850,1280.000,850.000,1.000,"Complete","Completo"
complete-1280x850-dark-es-p200-a,1280,850,2,dark,es,a,2560,1700,1280.000,850.000,2.000,"Complete","Completo"
complete-800x600-light-en-p100-a,800,600,1,light,en,a,800,600,800.000,600.000,1.000,"Complete","Complete"
complete-800x600-light-en-p200-a,800,600,2,light,en,a,1600,1200,800.000,600.000,2.000,"Complete","Complete"
complete-800x600-light-es-p100-a,800,600,1,light,es,a,800,600,800.000,600.000,1.000,"Complete","Completo"
complete-800x600-light-es-p200-a,800,600,2,light,es,a,1600,1200,800.000,600.000,2.000,"Complete","Completo"
complete-800x600-dark-en-p100-a,800,600,1,dark,en,a,800,600,800.000,600.000,1.000,"Complete","Complete"
complete-800x600-dark-en-p200-a,800,600,2,dark,en,a,1600,1200,800.000,600.000,2.000,"Complete","Complete"
complete-800x600-dark-es-p100-a,800,600,1,dark,es,a,800,600,800.000,600.000,1.000,"Complete","Completo"
complete-800x600-dark-es-p200-a,800,600,2,dark,es,a,1600,1200,800.000,600.000,2.000,"Complete","Completo"
complete-1920x1080-light-en-p100-a,1920,1080,1,light,en,a,1920,1080,1920.000,1080.000,1.000,"Complete","Complete"
complete-1920x1080-light-en-p200-a,1920,1080,2,light,en,a,3840,2160,1920.000,1080.000,2.000,"Complete","Complete"
complete-1920x1080-light-es-p100-a,1920,1080,1,light,es,a,1920,1080,1920.000,1080.000,1.000,"Complete","Completo"
complete-1920x1080-light-es-p200-a,1920,1080,2,light,es,a,3840,2160,1920.000,1080.000,2.000,"Complete","Completo"
complete-1920x1080-dark-en-p100-a,1920,1080,1,dark,en,a,1920,1080,1920.000,1080.000,1.000,"Complete","Complete"
complete-1920x1080-dark-en-p200-a,1920,1080,2,dark,en,a,3840,2160,1920.000,1080.000,2.000,"Complete","Complete"
complete-1920x1080-dark-es-p100-a,1920,1080,1,dark,es,a,1920,1080,1920.000,1080.000,1.000,"Complete","Completo"
complete-1920x1080-dark-es-p200-a,1920,1080,2,dark,es,a,3840,2160,1920.000,1080.000,2.000,"Complete","Completo"
complete-700x600-light-es-p100-a,700,600,1,light,es,a,700,600,700.000,600.000,1.000,"Complete","Completo"
scanning-1280x850-light-es-p100-a,1280,850,1,light,es,a,1280,850,1280.000,850.000,1.000,"Partial { settled: false }","Analizando"
partial-1280x850-light-es-p100-a,1280,850,1,light,es,a,1280,850,1280.000,850.000,1.000,"Partial { settled: true }","Terminado con omisiones"
cancelled-1280x850-light-es-p100-a,1280,850,1,light,es,a,1280,850,1280.000,850.000,1.000,"CancelledWithResults","Cancelado"
stale-1280x850-light-es-p100-a,1280,850,1,light,es,a,1280,850,1280.000,850.000,1.000,"Complete","Estos resultados deben actualizarse antes de otra acción destructiva."
retained-1280x850-light-es-p100-a,1280,850,1,light,es,a,1280,850,1280.000,850.000,1.000,"CancelledWithResults","La actualización no terminó. Se mantienen visibles los resultados anteriores."
