"Fixture","Run","Variant","Schema","Sources","InputBytes","Lines","ArtifactBytes","ElapsedMs"
"event","1","before","1","8","7930000","65000","7931137","291.769"
"event","1","after","2","8","7930000","65000","7931119","204.847"
"event","2","after","2","8","7930000","65000","7931119","218.12"
"event","2","before","1","8","7930000","65000","7931137","274.773"
"event","3","before","1","8","7930000","65000","7931137","286.472"
"event","3","after","2","8","7930000","65000","7931119","200.724"
"event","4","after","2","8","7930000","65000","7931119","202.734"
"event","4","before","1","8","7930000","65000","7931137","277.432"
"event","5","before","1","8","7930000","65000","7931137","276"
"event","5","after","2","8","7930000","65000","7931119","194.791"
"event","6","after","2","8","7930000","65000","7931119","201.169"
"event","6","before","1","8","7930000","65000","7931137","281.284"
"event","7","before","1","8","7930000","65000","7931137","278.898"
"event","7","after","2","8","7930000","65000","7931119","207.166"
"blank","1","before","1","8","1048576","1048576","1049717","1176.004"
"blank","1","after","2","8","1048576","1048576","1049699","29.229"
"blank","2","after","2","8","1048576","1048576","1049699","28.815"
"blank","2","before","1","8","1048576","1048576","1049717","1186.86"
"blank","3","before","1","8","1048576","1048576","1049717","1260"
"blank","3","after","2","8","1048576","1048576","1049699","32.903"
"blank","4","after","2","8","1048576","1048576","1049699","31.044"
"blank","4","before","1","8","1048576","1048576","1049717","1187.749"
"blank","5","before","1","8","1048576","1048576","1049717","1171.839"
"blank","5","after","2","8","1048576","1048576","1049699","30.639"
"blank","6","after","2","8","1048576","1048576","1049699","33.439"
"blank","6","before","1","8","1048576","1048576","1049717","1166.614"
"blank","7","before","1","8","1048576","1048576","1049717","1337.725"
"blank","7","after","2","8","1048576","1048576","1049699","30.438"
