"variant","run","scenario","requested_entries","nodes","scan_reduce_ms","snapshot_ms","layout_ms","first_batch_ms","cancel_join_ms","peak_pending","sectors","node_record_bytes","logical_bytes","allocated_bytes"
"before","1","balanced","1000000","1004369","6849.916","2291.592","27.912","1.743","0.350","4093","529","288","500500000","4096000000"
"after","1","balanced","1000000","1004369","6263.584","2258.995","0.829","0.910","1.508","4093","529","288","500500000","4096000000"
"before","1","real","10000","10001","795.337","6.607","0.750","25.995","0.391","1","2","288","640000","640000"
"after","1","real","10000","10001","466.344","7.857","0.692","22.688","0.367","1","2","288","640000","640000"
"after","2","balanced","1000000","1004369","6977.072","1880.369","0.605","0.485","0.410","3917","529","288","500500000","4096000000"
"before","2","balanced","1000000","1004369","5973.562","1806.887","34.058","0.506","0.370","4093","529","288","500500000","4096000000"
"after","2","real","10000","10001","589.995","7.003","0.629","25.528","0.301","1","2","288","640000","640000"
"before","2","real","10000","10001","296.344","5.678","0.706","16.827","0.418","1","2","288","640000","640000"
"before","3","balanced","1000000","1004369","7490.507","2252.929","31.828","0.718","0.606","4092","529","288","500500000","4096000000"
"after","3","balanced","1000000","1004369","6239.102","1963.552","0.733","0.532","0.503","4093","529","288","500500000","4096000000"
"before","3","real","10000","10001","895.926","9.829","1.050","25.704","0.443","1","2","288","640000","640000"
"after","3","real","10000","10001","469.970","7.011","0.714","25.703","0.394","1","2","288","640000","640000"
"after","4","balanced","1000000","1004369","6801.384","1658.636","0.729","0.970","0.428","4093","529","288","500500000","4096000000"
"before","4","balanced","1000000","1004369","6508.676","2194.041","31.234","0.876","0.589","4093","529","288","500500000","4096000000"
"after","4","real","10000","10001","893.679","7.794","0.656","25.811","0.604","1","2","288","640000","640000"
"before","4","real","10000","10001","492.054","11.980","1.470","25.758","0.441","1","2","288","640000","640000"
"before","5","balanced","1000000","1004369","6777.739","1016.293","21.058","0.753","0.986","4093","529","288","500500000","4096000000"
"after","5","balanced","1000000","1004369","7067.885","1012.990","0.428","0.281","0.492","4061","529","288","500500000","4096000000"
"before","5","real","10000","10001","291.564","4.648","0.536","16.598","0.275","1","2","288","640000","640000"
"after","5","real","10000","10001","229.669","4.784","0.444","12.097","0.867","1","2","288","640000","640000"
"after","6","balanced","1000000","1004369","7038.272","1106.270","0.532","0.551","0.511","4029","529","288","500500000","4096000000"
"before","6","balanced","1000000","1004369","6779.054","889.615","23.068","0.344","0.412","4029","529","288","500500000","4096000000"
"after","6","real","10000","10001","222.409","5.037","0.455","13.139","0.229","1","2","288","640000","640000"
"before","6","real","10000","10001","208.498","4.791","0.522","12.077","0.627","1","2","288","640000","640000"
"before","7","balanced","1000000","1004369","7379.852","1133.561","31.723","0.455","0.601","4077","529","288","500500000","4096000000"
"after","7","balanced","1000000","1004369","7316.450","1049.774","0.282","0.350","0.483","4094","529","288","500500000","4096000000"
"before","7","real","10000","10001","295.850","5.441","0.596","15.076","0.355","1","2","288","640000","640000"
"after","7","real","10000","10001","252.846","5.079","0.450","12.441","0.313","1","2","288","640000","640000"
