scenario,entries,sample,milliseconds,checkpoint_count
freeze,100000,0,19.117700,0
rescan_availability,100000,0,0.011300,0
rescan_availability,100000,1,0.006100,0
rescan_availability,100000,2,0.005500,0
rescan_availability,100000,3,0.004800,0
rescan_availability,100000,4,0.004500,0
rescan_availability,100000,5,0.005700,0
rescan_availability,100000,6,0.005200,0
rescan_availability,100000,7,0.006000,0
rescan_availability,100000,8,0.005100,0
rescan_availability,100000,9,0.005200,0
rescan_availability,100000,10,0.004600,0
rescan_availability,100000,11,0.005900,0
rescan_availability,100000,12,0.005800,0
rescan_availability,100000,13,0.005600,0
rescan_availability,100000,14,0.004200,0
rescan_availability,100000,15,0.004400,0
rescan_availability,100000,16,0.005600,0
rescan_availability,100000,17,0.003300,0
rescan_availability,100000,18,0.003000,0
rescan_availability,100000,19,0.003000,0
rescan_availability,100000,20,0.005000,0
rescan_availability,100000,21,0.002700,0
rescan_availability,100000,22,0.002800,0
rescan_availability,100000,23,0.003100,0
rescan_availability,100000,24,0.003200,0
rescan_availability,100000,25,0.003300,0
rescan_availability,100000,26,0.003300,0
rescan_availability,100000,27,0.003700,0
rescan_availability,100000,28,0.003100,0
rescan_availability,100000,29,0.002900,0
rescan_availability,100000,30,0.002800,0
rescan_availability,100000,31,0.003700,0
rescan_availability,100000,32,0.003400,0
rescan_availability,100000,33,0.003300,0
rescan_availability,100000,34,0.003200,0
rescan_availability,100000,35,0.004100,0
rescan_availability,100000,36,0.002500,0
rescan_availability,100000,37,0.004000,0
rescan_availability,100000,38,0.006600,0
rescan_availability,100000,39,0.004000,0
rescan_availability,100000,40,0.003900,0
flat_layout,100000,0,50.806500,5194
flat_max_checkpoint_gap,100000,0,1.192400,2
flat_layout,100000,1,37.883000,5194
flat_max_checkpoint_gap,100000,1,0.848000,2
flat_layout,100000,2,42.308100,5194
flat_max_checkpoint_gap,100000,2,0.762100,2
freeze,1000000,0,190.213000,0
rescan_availability,1000000,0,0.002600,0
rescan_availability,1000000,1,0.002300,0
rescan_availability,1000000,2,0.001400,0
rescan_availability,1000000,3,0.001300,0
rescan_availability,1000000,4,0.002200,0
rescan_availability,1000000,5,0.002100,0
rescan_availability,1000000,6,0.001500,0
rescan_availability,1000000,7,0.001400,0
rescan_availability,1000000,8,0.001500,0
rescan_availability,1000000,9,0.001400,0
rescan_availability,1000000,10,0.001300,0
rescan_availability,1000000,11,0.001600,0
rescan_availability,1000000,12,0.001100,0
rescan_availability,1000000,13,0.001300,0
rescan_availability,1000000,14,0.001200,0
rescan_availability,1000000,15,0.001100,0
rescan_availability,1000000,16,0.002200,0
rescan_availability,1000000,17,0.003500,0
rescan_availability,1000000,18,0.003900,0
rescan_availability,1000000,19,0.004300,0
rescan_availability,1000000,20,0.004000,0
rescan_availability,1000000,21,0.003200,0
rescan_availability,1000000,22,0.003800,0
rescan_availability,1000000,23,0.003400,0
rescan_availability,1000000,24,0.003000,0
rescan_availability,1000000,25,0.003100,0
rescan_availability,1000000,26,0.003600,0
rescan_availability,1000000,27,0.003800,0
rescan_availability,1000000,28,0.002800,0
rescan_availability,1000000,29,0.002100,0
rescan_availability,1000000,30,0.003500,0
rescan_availability,1000000,31,0.003400,0
rescan_availability,1000000,32,0.002900,0
rescan_availability,1000000,33,0.002600,0
rescan_availability,1000000,34,0.002600,0
rescan_availability,1000000,35,0.003700,0
rescan_availability,1000000,36,0.003300,0
rescan_availability,1000000,37,0.003500,0
rescan_availability,1000000,38,0.003500,0
rescan_availability,1000000,39,0.003600,0
rescan_availability,1000000,40,0.002200,0
flat_layout,1000000,0,862.630800,59595
flat_max_checkpoint_gap,1000000,0,11.922800,2
flat_layout,1000000,1,723.202800,59595
flat_max_checkpoint_gap,1000000,1,10.404400,2
flat_layout,1000000,2,884.319000,59595
flat_max_checkpoint_gap,1000000,2,7.095400,2
