"sample","sampled_peak_working_bytes","sampled_peak_private_bytes","sampled_peak_handles","sampled_cpu_ms","observations"
"micro-before-1","374202368","497987584","87","3078.125","111"
"micro-after-1","391548928","498032640","93","3484.375","119"
"balanced-before-1","1172619264","1192202240","134","3703.125","330"
"balanced-after-1","1154658304","1191792640","140","3890.625","317"
"real-before-1","12869632","10223616","136","859.375","33"
"real-after-1","15609856","11599872","136","546.875","24"
"micro-after-2","390979584","497983488","87","2171.875","94"
"micro-before-2","374190080","497983488","87","2656.25","102"
"balanced-after-2","1183678464","1192329216","134","3984.375","342"
"balanced-before-2","1177849856","1192083456","134","2437.5","303"
"real-after-2","12865536","9699328","136","625","30"
"real-before-2","12677120","9531392","136","296.875","15"
"micro-before-3","374231040","497987584","87","2234.375","91"
"micro-after-3","391012352","497975296","87","2250","85"
"balanced-before-3","1173061632","1191997440","134","3968.75","366"
"balanced-after-3","1173544960","1191829504","134","3546.875","333"
"real-before-3","12705792","9723904","136","953.125","35"
"real-after-3","15810560","11550720","136","515.625","21"
"micro-after-4","391032832","497979392","87","2281.25","84"
"micro-before-4","374185984","497983488","87","2640.625","93"
"balanced-after-4","1168916480","1191878656","134","2828.125","321"
"balanced-before-4","1169530880","1192054784","134","3859.375","309"
"real-after-4","13631488","10752000","136","890.625","37"
"real-before-4","15826944","11542528","136","562.5","23"
"micro-before-5","374231040","497991680","87","4031.25","145"
"micro-after-5","391024640","497991680","87","3468.75","124"
"balanced-before-5","1149599744","1191956480","134","2796.875","300"
"balanced-after-5","1156206592","1191686144","134","2343.75","356"
"real-before-5","12713984","9510912","136","312.5","18"
"real-after-5","12922880","10272768","136","234.375","15"
"micro-after-6","391049216","497983488","87","1468.75","84"
"micro-before-6","374226944","497991680","87","1781.25","96"
"balanced-after-6","1173929984","1191522304","134","2046.875","406"
"balanced-before-6","1159208960","1191985152","134","1890.625","385"
"real-after-6","12955648","9900032","136","234.375","15"
"real-before-6","12730368","9658368","136","218.75","15"
"micro-before-7","374247424","497991680","87","1812.5","97"
"micro-after-7","391053312","497987584","87","1546.875","75"
"balanced-before-7","1166471168","1192116224","134","1968.75","441"
"balanced-after-7","1177837568","1191825408","134","2234.375","404"
"real-before-7","13348864","10211328","136","312.5","22"
"real-after-7","12840960","9682944","136","281.25","13"
