variant,run,entries,stage,frame,frame_us,viewport_width,viewport_height,revision,nodes,ranked_rows,shapes
after-map,5,1000000,snapshot_first,0,13323.300,1280,800,2038,1000001,0,33
after-map,5,1000000,snapshot_transition,0,10295.600,1280,800,2038,1000001,0,33
after-map,5,1000000,snapshot_transition,1,8169.300,1280,800,2038,1000001,0,33
after-map,5,1000000,snapshot_transition,2,9644.900,1280,800,2038,1000001,0,33
after-map,5,1000000,snapshot_transition,3,11023.300,1280,800,2038,1000001,0,33
after-map,5,1000000,snapshot_transition,4,9285.100,1280,800,2038,1000001,0,33
after-map,5,1000000,snapshot_transition,5,6533.800,1280,800,2038,1000001,0,33
after-map,5,1000000,snapshot_transition,6,10035.200,1280,800,2038,1000001,0,33
after-map,5,1000000,snapshot_transition,7,8563.100,1280,800,2038,1000001,0,33
after-map,5,1000000,snapshot_transition,8,9486.300,1280,800,2038,1000001,0,33
after-map,5,1000000,snapshot_transition,9,9992.100,1280,800,2038,1000001,0,33
after-map,5,1000000,snapshot_transition,10,7185.000,1280,800,2038,1000001,0,33
after-map,5,1000000,snapshot_transition,11,7273.500,1280,800,2038,1000001,0,33
after-map,5,1000000,snapshot_transition,12,6219.800,1280,800,2038,1000001,0,33
after-map,5,1000000,snapshot_transition,13,8763.100,1280,800,2038,1000001,0,33
after-map,5,1000000,snapshot_transition,14,8356.600,1280,800,2038,1000001,0,33
after-map,5,1000000,snapshot_transition,15,7858.100,1280,800,2038,1000001,0,33
after-map,5,1000000,snapshot_transition,16,8217.500,1280,800,2038,1000001,0,33
after-map,5,1000000,snapshot_transition,17,8803.400,1280,800,2038,1000001,0,33
after-map,5,1000000,snapshot_transition,18,6379.900,1280,800,2038,1000001,0,33
after-map,5,1000000,snapshot_transition,19,8931.000,1280,800,2038,1000001,0,33
after-map,5,1000000,snapshot_transition,20,8833.400,1280,800,2038,1000001,0,33
after-map,5,1000000,snapshot_transition,21,8888.800,1280,800,2038,1000001,0,33
after-map,5,1000000,snapshot_transition,22,8371.700,1280,800,2038,1000001,0,33
after-map,5,1000000,snapshot_transition,23,5455.500,1280,800,2038,1000001,0,33
after-map,5,1000000,snapshot_transition,24,5560.000,1280,800,2038,1000001,0,33
after-map,5,1000000,snapshot_transition,25,8104.000,1280,800,2038,1000001,0,33
after-map,5,1000000,snapshot_transition,26,7567.100,1280,800,2038,1000001,0,33
after-map,5,1000000,snapshot_transition,27,7897.400,1280,800,2038,1000001,0,33
after-map,5,1000000,snapshot_transition,28,8271.900,1280,800,2038,1000001,0,33
after-map,5,1000000,snapshot_transition,29,8030.600,1280,800,2038,1000001,0,33
after-map,5,1000000,snapshot_transition,30,8880.700,1280,800,2038,1000001,0,33
after-map,5,1000000,snapshot_transition,31,9082.300,1280,800,2038,1000001,0,33
after-map,5,1000000,snapshot_transition,32,8544.200,1280,800,2038,1000001,0,33
after-map,5,1000000,snapshot_transition,33,7834.200,1280,800,2038,1000001,0,33
after-map,5,1000000,snapshot_transition,34,5471.500,1280,800,2038,1000001,0,33
after-map,5,1000000,snapshot_transition,35,8445.400,1280,800,2038,1000001,0,33
after-map,5,1000000,snapshot_transition,36,8038.200,1280,800,2038,1000001,0,33
after-map,5,1000000,snapshot_transition,37,5744.700,1280,800,2038,1000001,0,33
after-map,5,1000000,snapshot_transition,38,7161.100,1280,800,2038,1000001,0,33
after-map,5,1000000,snapshot_transition,39,7445.600,1280,800,2038,1000001,0,33
after-map,5,1000000,snapshot_transition,40,8478.700,1280,800,2038,1000001,0,33
after-map,5,1000000,snapshot_transition,41,9694.800,1280,800,2038,1000001,0,33
after-map,5,1000000,snapshot_transition,42,9702.400,1280,800,2038,1000001,0,33
after-map,5,1000000,snapshot_transition,43,8903.000,1280,800,2038,1000001,0,33
after-map,5,1000000,snapshot_transition,44,8044.000,1280,800,2038,1000001,0,33
after-map,5,1000000,snapshot_transition,45,6771.700,1280,800,2038,1000001,0,33
after-map,5,1000000,snapshot_transition,46,6543.700,1280,800,2038,1000001,0,33
after-map,5,1000000,snapshot_transition,47,7265.200,1280,800,2038,1000001,0,33
after-map,5,1000000,snapshot_transition,48,6157.700,1280,800,2038,1000001,0,33
after-map,5,1000000,snapshot_transition,49,6544.000,1280,800,2038,1000001,0,33
after-map,5,1000000,snapshot_transition,50,6950.100,1280,800,2038,1000001,0,33
after-map,5,1000000,snapshot_transition,51,7465.100,1280,800,2038,1000001,0,33
after-map,5,1000000,snapshot_transition,52,8250.200,1280,800,2038,1000001,0,33
after-map,5,1000000,snapshot_transition,53,9280.100,1280,800,2038,1000001,0,33
after-map,5,1000000,snapshot_transition,54,9457.600,1280,800,2038,1000001,0,33
after-map,5,1000000,snapshot_transition,55,9221.000,1280,800,2038,1000001,0,33
after-map,5,1000000,snapshot_transition,56,7787.500,1280,800,2038,1000001,0,33
after-map,5,1000000,snapshot_transition,57,5444.600,1280,800,2038,1000001,0,33
after-map,5,1000000,snapshot_transition,58,8040.900,1280,800,2038,1000001,0,33
after-map,5,1000000,snapshot_transition,59,8173.900,1280,800,2038,1000001,0,33
after-map,5,1000000,snapshot_transition,60,5894.800,1280,800,2038,1000001,0,33
after-map,5,1000000,snapshot_transition,61,8021.600,1280,800,2038,1000001,0,33
after-map,5,1000000,snapshot_transition,62,6446.400,1280,800,2038,1000001,0,33
after-map,5,1000000,snapshot_transition,63,7827.700,1280,800,2038,1000001,0,33
after-map,5,1000000,snapshot_transition,64,8327.700,1280,800,2038,1000001,0,33
after-map,5,1000000,snapshot_transition,65,9498.700,1280,800,2038,1000001,0,33
after-map,5,1000000,snapshot_transition,66,9364.900,1280,800,2038,1000001,0,33
after-map,5,1000000,snapshot_transition,67,8927.700,1280,800,2038,1000001,0,33
after-map,5,1000000,snapshot_transition,68,8223.100,1280,800,2038,1000001,0,33
after-map,5,1000000,snapshot_transition,69,7554.600,1280,800,2038,1000001,0,33
after-map,5,1000000,snapshot_transition,70,6134.800,1280,800,2038,1000001,0,33
after-map,5,1000000,snapshot_transition,71,8390.600,1280,800,2038,1000001,0,33
after-map,5,1000000,snapshot_transition,72,8616.800,1280,800,2038,1000001,0,33
after-map,5,1000000,snapshot_transition,73,7301.800,1280,800,2038,1000001,0,33
after-map,5,1000000,snapshot_transition,74,7525.600,1280,800,2038,1000001,0,33
after-map,5,1000000,snapshot_transition,75,8190.500,1280,800,2038,1000001,0,33
after-map,5,1000000,snapshot_transition,76,9142.400,1280,800,2038,1000001,0,33
after-map,5,1000000,snapshot_transition,77,8081.600,1280,800,2038,1000001,0,33
after-map,5,1000000,snapshot_transition,78,9218.400,1280,800,2038,1000001,0,33
after-map,5,1000000,snapshot_transition,79,7785.400,1280,800,2038,1000001,0,33
after-map,5,1000000,snapshot_transition,80,9011.400,1280,800,2038,1000001,0,33
after-map,5,1000000,snapshot_transition,81,8351.200,1280,800,2038,1000001,0,33
after-map,5,1000000,snapshot_transition,82,10355.400,1280,800,2038,1000001,0,33
after-map,5,1000000,snapshot_transition,83,9070.600,1280,800,2038,1000001,0,33
after-map,5,1000000,snapshot_transition,84,9659.700,1280,800,2038,1000001,0,33
after-map,5,1000000,snapshot_transition,85,7752.800,1280,800,2038,1000001,0,33
after-map,5,1000000,snapshot_transition,86,9032.200,1280,800,2038,1000001,0,33
after-map,5,1000000,snapshot_transition,87,10156.000,1280,800,2038,1000001,0,33
after-map,5,1000000,snapshot_transition,88,10089.900,1280,800,2038,1000001,0,33
after-map,5,1000000,snapshot_transition,89,8638.400,1280,800,2038,1000001,0,33
after-map,5,1000000,snapshot_transition,90,8365.800,1280,800,2038,1000001,0,33
after-map,5,1000000,snapshot_transition,91,8495.000,1280,800,2038,1000001,0,33
after-map,5,1000000,snapshot_transition,92,8736.200,1280,800,2038,1000001,0,33
after-map,5,1000000,snapshot_transition,93,8309.400,1280,800,2038,1000001,0,33
after-map,5,1000000,snapshot_transition,94,11567.300,1280,800,2038,1000001,0,33
after-map,5,1000000,snapshot_transition,95,10002.600,1280,800,2038,1000001,0,33
after-map,5,1000000,snapshot_transition,96,9838.700,1280,800,2038,1000001,0,33
after-map,5,1000000,snapshot_transition,97,8123.000,1280,800,2038,1000001,0,33
after-map,5,1000000,snapshot_transition,98,8579.000,1280,800,2038,1000001,0,33
after-map,5,1000000,snapshot_transition,99,7343.400,1280,800,2038,1000001,0,33
after-map,5,1000000,snapshot_transition,100,8083.500,1280,800,2038,1000001,0,33
after-map,5,1000000,snapshot_transition,101,9554.700,1280,800,2038,1000001,0,33
after-map,5,1000000,snapshot_transition,102,7890.200,1280,800,2038,1000001,0,33
after-map,5,1000000,snapshot_transition,103,8243.300,1280,800,2038,1000001,0,33
after-map,5,1000000,snapshot_transition,104,8558.500,1280,800,2038,1000001,0,33
after-map,5,1000000,snapshot_transition,105,7976.100,1280,800,2038,1000001,0,33
after-map,5,1000000,snapshot_transition,106,7998.800,1280,800,2038,1000001,0,33
after-map,5,1000000,snapshot_transition,107,8316.400,1280,800,2038,1000001,0,33
after-map,5,1000000,snapshot_transition,108,8619.400,1280,800,2038,1000001,0,33
after-map,5,1000000,snapshot_transition,109,9757.800,1280,800,2038,1000001,0,33
after-map,5,1000000,snapshot_transition,110,7895.500,1280,800,2038,1000001,0,33
after-map,5,1000000,snapshot_transition,111,7777.100,1280,800,2038,1000001,0,33
after-map,5,1000000,snapshot_transition,112,8477.700,1280,800,2038,1000001,0,33
after-map,5,1000000,snapshot_transition,113,9241.400,1280,800,2038,1000001,0,33
after-map,5,1000000,snapshot_transition,114,8383.900,1280,800,2038,1000001,0,33
after-map,5,1000000,snapshot_transition,115,9469.100,1280,800,2038,1000001,0,33
after-map,5,1000000,snapshot_transition,116,9826.000,1280,800,2038,1000001,0,33
after-map,5,1000000,snapshot_transition,117,9288.900,1280,800,2038,1000001,0,33
after-map,5,1000000,snapshot_transition,118,8976.800,1280,800,2038,1000001,0,33
after-map,5,1000000,snapshot_transition,119,7496.000,1280,800,2038,1000001,0,33
after-map,5,1000000,snapshot_transition,120,7002.400,1280,800,2038,1000001,0,33
after-map,5,1000000,snapshot_transition,121,9732.700,1280,800,2038,1000001,0,33
after-map,5,1000000,snapshot_transition,122,9619.300,1280,800,2038,1000001,0,33
after-map,5,1000000,snapshot_transition,123,9159.300,1280,800,2038,1000001,0,33
after-map,5,1000000,snapshot_transition,124,8351.800,1280,800,2038,1000001,0,33
after-map,5,1000000,snapshot_transition,125,6946.900,1280,800,2038,1000001,0,33
after-map,5,1000000,snapshot_transition,126,9794.300,1280,800,2038,1000001,0,33
after-map,5,1000000,snapshot_transition,127,9411.800,1280,800,2038,1000001,0,33
after-map,5,1000000,snapshot_transition,128,9374.700,1280,800,2038,1000001,0,33
after-map,5,1000000,snapshot_transition,129,8345.500,1280,800,2038,1000001,0,33
after-map,5,1000000,snapshot_transition,130,8264.800,1280,800,2038,1000001,0,33
after-map,5,1000000,snapshot_transition,131,10039.000,1280,800,2038,1000001,0,33
after-map,5,1000000,snapshot_transition,132,8261.500,1280,800,2038,1000001,0,33
after-map,5,1000000,snapshot_transition,133,8449.100,1280,800,2038,1000001,0,33
after-map,5,1000000,snapshot_transition,134,8769.200,1280,800,2038,1000001,0,33
after-map,5,1000000,snapshot_transition,135,10485.500,1280,800,2038,1000001,0,33
after-map,5,1000000,snapshot_transition,136,7635.200,1280,800,2038,1000001,0,33
after-map,5,1000000,snapshot_transition,137,7146.100,1280,800,2038,1000001,0,33
after-map,5,1000000,snapshot_transition,138,6715.400,1280,800,2038,1000001,0,33
after-map,5,1000000,snapshot_transition,139,8452.400,1280,800,2038,1000001,0,33
after-map,5,1000000,snapshot_transition,140,8645.600,1280,800,2038,1000001,0,33
after-map,5,1000000,snapshot_transition,141,7196.600,1280,800,2038,1000001,0,33
after-map,5,1000000,snapshot_transition,142,9948.800,1280,800,2038,1000001,0,33
after-map,5,1000000,snapshot_transition,143,9608.100,1280,800,2038,1000001,0,33
after-map,5,1000000,snapshot_transition,144,9376.400,1280,800,2038,1000001,0,33
after-map,5,1000000,snapshot_transition,145,8584.000,1280,800,2038,1000001,0,33
after-map,5,1000000,snapshot_transition,146,7913.000,1280,800,2038,1000001,0,33
after-map,5,1000000,snapshot_transition,147,8614.500,1280,800,2038,1000001,0,33
after-map,5,1000000,snapshot_transition,148,7959.100,1280,800,2038,1000001,0,33
after-map,5,1000000,snapshot_transition,149,9411.000,1280,800,2038,1000001,0,33
after-map,5,1000000,snapshot_transition,150,9478.900,1280,800,2038,1000001,0,33
after-map,5,1000000,snapshot_transition,151,8975.700,1280,800,2038,1000001,0,33
after-map,5,1000000,snapshot_transition,152,8502.500,1280,800,2038,1000001,0,33
after-map,5,1000000,snapshot_transition,153,7616.200,1280,800,2038,1000001,0,33
after-map,5,1000000,snapshot_transition,154,8461.500,1280,800,2038,1000001,0,33
after-map,5,1000000,snapshot_transition,155,8030.700,1280,800,2038,1000001,0,33
after-map,5,1000000,snapshot_transition,156,8128.600,1280,800,2038,1000001,0,33
after-map,5,1000000,snapshot_transition,157,8221.400,1280,800,2038,1000001,0,33
after-map,5,1000000,snapshot_transition,158,9729.700,1280,800,2038,1000001,0,33
after-map,5,1000000,snapshot_transition,159,9590.500,1280,800,2038,1000001,0,33
after-map,5,1000000,snapshot_transition,160,7767.200,1280,800,2038,1000001,0,33
after-map,5,1000000,snapshot_transition,161,7729.000,1280,800,2038,1000001,0,33
after-map,5,1000000,snapshot_transition,162,9154.300,1280,800,2038,1000001,0,33
after-map,5,1000000,snapshot_transition,163,8705.500,1280,800,2038,1000001,0,33
after-map,5,1000000,snapshot_transition,164,9192.000,1280,800,2038,1000001,0,33
after-map,5,1000000,snapshot_transition,165,11373.600,1280,800,2038,1000001,0,33
after-map,5,1000000,snapshot_transition,166,11945.100,1280,800,2038,1000001,0,33
after-map,5,1000000,snapshot_transition,167,8051.000,1280,800,2038,1000001,0,33
after-map,5,1000000,snapshot_transition,168,10492.500,1280,800,2038,1000001,0,33
after-map,5,1000000,snapshot_transition,169,9861.400,1280,800,2038,1000001,0,33
after-map,5,1000000,snapshot_transition,170,9811.600,1280,800,2038,1000001,0,33
after-map,5,1000000,snapshot_transition,171,10641.000,1280,800,2038,1000001,0,33
after-map,5,1000000,snapshot_transition,172,7798.900,1280,800,2038,1000001,1000000,33
after-map,5,1000000,snapshot_transition,173,7675.600,1280,800,2038,1000001,1000000,33
after-map,5,1000000,snapshot_transition,174,9165.000,1280,800,2038,1000001,1000000,33
after-map,5,1000000,snapshot_transition,175,9116.300,1280,800,2038,1000001,1000000,33
after-map,5,1000000,snapshot_transition,176,8670.600,1280,800,2038,1000001,1000000,33
after-map,5,1000000,snapshot_transition,177,7927.900,1280,800,2038,1000001,1000000,33
after-map,5,1000000,snapshot_transition,178,7101.300,1280,800,2038,1000001,1000000,33
after-map,5,1000000,snapshot_transition,179,8641.900,1280,800,2038,1000001,1000000,33
after-map,5,1000000,snapshot_transition,180,7161.700,1280,800,2038,1000001,1000000,33
after-map,5,1000000,snapshot_transition,181,8459.300,1280,800,2038,1000001,1000000,33
after-map,5,1000000,snapshot_transition,182,8982.300,1280,800,2038,1000001,1000000,33
after-map,5,1000000,snapshot_transition,183,9454.000,1280,800,2038,1000001,1000000,33
after-map,5,1000000,snapshot_transition,184,8754.000,1280,800,2038,1000001,1000000,33
after-map,5,1000000,snapshot_transition,185,9973.600,1280,800,2038,1000001,1000000,33
after-map,5,1000000,snapshot_transition,186,10401.300,1280,800,2038,1000001,1000000,33
after-map,5,1000000,snapshot_transition,187,11112.300,1280,800,2038,1000001,1000000,33
after-map,5,1000000,snapshot_transition,188,8999.900,1280,800,2038,1000001,1000000,33
after-map,5,1000000,snapshot_transition,189,7684.100,1280,800,2038,1000001,1000000,33
after-map,5,1000000,snapshot_transition,190,8363.900,1280,800,2038,1000001,1000000,33
after-map,5,1000000,snapshot_transition,191,9179.400,1280,800,2038,1000001,1000000,33
after-map,5,1000000,snapshot_transition,192,9616.300,1280,800,2038,1000001,1000000,33
after-map,5,1000000,snapshot_transition,193,9048.200,1280,800,2038,1000001,1000000,33
after-map,5,1000000,snapshot_transition,194,10186.700,1280,800,2038,1000001,1000000,33
after-map,5,1000000,snapshot_transition,195,9166.900,1280,800,2038,1000001,1000000,33
after-map,5,1000000,snapshot_transition,196,7111.200,1280,800,2038,1000001,1000000,33
after-map,5,1000000,snapshot_transition,197,7772.700,1280,800,2038,1000001,1000000,33
after-map,5,1000000,snapshot_transition,198,6892.000,1280,800,2038,1000001,1000000,33
after-map,5,1000000,snapshot_transition,199,7531.800,1280,800,2038,1000001,1000000,33
after-map,5,1000000,warm,0,8758.400,1280,800,2038,1000001,1000000,33
after-map,5,1000000,warm,1,9139.100,1280,800,2038,1000001,1000000,33
after-map,5,1000000,warm,2,10353.700,1280,800,2038,1000001,1000000,33
after-map,5,1000000,warm,3,8196.100,1280,800,2038,1000001,1000000,33
after-map,5,1000000,warm,4,9326.700,1280,800,2038,1000001,1000000,33
after-map,5,1000000,warm,5,7226.100,1280,800,2038,1000001,1000000,33
after-map,5,1000000,warm,6,8950.700,1280,800,2038,1000001,1000000,33
after-map,5,1000000,warm,7,7509.800,1280,800,2038,1000001,1000000,33
after-map,5,1000000,warm,8,7497.900,1280,800,2038,1000001,1000000,33
after-map,5,1000000,warm,9,7039.500,1280,800,2038,1000001,1000000,33
after-map,5,1000000,warm,10,9453.200,1280,800,2038,1000001,1000000,33
after-map,5,1000000,warm,11,6801.300,1280,800,2038,1000001,1000000,33
after-map,5,1000000,warm,12,7477.500,1280,800,2038,1000001,1000000,33
after-map,5,1000000,warm,13,8344.600,1280,800,2038,1000001,1000000,33
after-map,5,1000000,warm,14,7998.900,1280,800,2038,1000001,1000000,33
after-map,5,1000000,warm,15,8534.000,1280,800,2038,1000001,1000000,33
after-map,5,1000000,warm,16,7661.400,1280,800,2038,1000001,1000000,33
after-map,5,1000000,warm,17,10245.400,1280,800,2038,1000001,1000000,33
after-map,5,1000000,warm,18,8718.500,1280,800,2038,1000001,1000000,33
after-map,5,1000000,warm,19,7758.100,1280,800,2038,1000001,1000000,33
after-map,5,1000000,warm,20,8842.600,1280,800,2038,1000001,1000000,33
after-map,5,1000000,warm,21,8657.900,1280,800,2038,1000001,1000000,33
after-map,5,1000000,warm,22,8905.100,1280,800,2038,1000001,1000000,33
after-map,5,1000000,warm,23,7375.100,1280,800,2038,1000001,1000000,33
after-map,5,1000000,warm,24,8622.800,1280,800,2038,1000001,1000000,33
after-map,5,1000000,warm,25,9668.700,1280,800,2038,1000001,1000000,33
after-map,5,1000000,warm,26,8810.200,1280,800,2038,1000001,1000000,33
after-map,5,1000000,warm,27,8289.800,1280,800,2038,1000001,1000000,33
after-map,5,1000000,warm,28,10433.600,1280,800,2038,1000001,1000000,33
after-map,5,1000000,warm,29,8344.300,1280,800,2038,1000001,1000000,33
after-map,5,1000000,warm,30,11762.400,1280,800,2038,1000001,1000000,33
after-map,5,1000000,warm,31,10098.400,1280,800,2038,1000001,1000000,33
after-map,5,1000000,warm,32,11614.800,1280,800,2038,1000001,1000000,33
after-map,5,1000000,warm,33,10941.700,1280,800,2038,1000001,1000000,33
after-map,5,1000000,warm,34,12661.900,1280,800,2038,1000001,1000000,33
after-map,5,1000000,warm,35,11838.700,1280,800,2038,1000001,1000000,33
after-map,5,1000000,warm,36,9964.600,1280,800,2038,1000001,1000000,33
after-map,5,1000000,warm,37,9158.400,1280,800,2038,1000001,1000000,33
after-map,5,1000000,warm,38,8988.000,1280,800,2038,1000001,1000000,33
after-map,5,1000000,warm,39,9785.200,1280,800,2038,1000001,1000000,33
after-map,5,1000000,warm,40,8468.800,1280,800,2038,1000001,1000000,33
after-map,5,1000000,warm,41,10083.000,1280,800,2038,1000001,1000000,33
after-map,5,1000000,warm,42,8449.600,1280,800,2038,1000001,1000000,33
after-map,5,1000000,warm,43,10085.400,1280,800,2038,1000001,1000000,33
after-map,5,1000000,warm,44,8701.000,1280,800,2038,1000001,1000000,33
after-map,5,1000000,warm,45,9950.100,1280,800,2038,1000001,1000000,33
after-map,5,1000000,warm,46,9954.400,1280,800,2038,1000001,1000000,33
after-map,5,1000000,warm,47,8974.500,1280,800,2038,1000001,1000000,33
after-map,5,1000000,warm,48,10669.000,1280,800,2038,1000001,1000000,33
after-map,5,1000000,warm,49,9581.100,1280,800,2038,1000001,1000000,33
after-map,5,1000000,warm,50,9774.100,1280,800,2038,1000001,1000000,33
after-map,5,1000000,warm,51,7593.700,1280,800,2038,1000001,1000000,33
after-map,5,1000000,warm,52,7662.500,1280,800,2038,1000001,1000000,33
after-map,5,1000000,warm,53,8123.900,1280,800,2038,1000001,1000000,33
after-map,5,1000000,warm,54,9997.000,1280,800,2038,1000001,1000000,33
after-map,5,1000000,warm,55,9601.300,1280,800,2038,1000001,1000000,33
after-map,5,1000000,warm,56,7419.200,1280,800,2038,1000001,1000000,33
after-map,5,1000000,warm,57,9083.600,1280,800,2038,1000001,1000000,33
after-map,5,1000000,warm,58,8434.100,1280,800,2038,1000001,1000000,33
after-map,5,1000000,warm,59,9441.700,1280,800,2038,1000001,1000000,33
after-map,5,1000000,warm,60,8903.900,1280,800,2038,1000001,1000000,33
after-map,5,1000000,warm,61,11640.100,1280,800,2038,1000001,1000000,33
after-map,5,1000000,warm,62,9100.000,1280,800,2038,1000001,1000000,33
after-map,5,1000000,warm,63,10107.000,1280,800,2038,1000001,1000000,33
after-map,5,1000000,warm,64,10843.200,1280,800,2038,1000001,1000000,33
after-map,5,1000000,warm,65,8630.100,1280,800,2038,1000001,1000000,33
after-map,5,1000000,warm,66,13549.900,1280,800,2038,1000001,1000000,33
after-map,5,1000000,warm,67,14575.000,1280,800,2038,1000001,1000000,33
after-map,5,1000000,warm,68,11132.400,1280,800,2038,1000001,1000000,33
after-map,5,1000000,warm,69,9894.900,1280,800,2038,1000001,1000000,33
after-map,5,1000000,warm,70,12099.700,1280,800,2038,1000001,1000000,33
after-map,5,1000000,warm,71,7923.100,1280,800,2038,1000001,1000000,33
after-map,5,1000000,warm,72,10711.700,1280,800,2038,1000001,1000000,33
after-map,5,1000000,warm,73,8742.800,1280,800,2038,1000001,1000000,33
after-map,5,1000000,warm,74,9579.600,1280,800,2038,1000001,1000000,33
after-map,5,1000000,warm,75,9986.800,1280,800,2038,1000001,1000000,33
after-map,5,1000000,warm,76,9325.400,1280,800,2038,1000001,1000000,33
after-map,5,1000000,warm,77,8764.000,1280,800,2038,1000001,1000000,33
after-map,5,1000000,warm,78,8097.400,1280,800,2038,1000001,1000000,33
after-map,5,1000000,warm,79,9327.800,1280,800,2038,1000001,1000000,33
after-map,5,1000000,warm,80,8934.300,1280,800,2038,1000001,1000000,33
after-map,5,1000000,warm,81,7673.700,1280,800,2038,1000001,1000000,33
after-map,5,1000000,warm,82,6837.300,1280,800,2038,1000001,1000000,33
after-map,5,1000000,warm,83,8749.400,1280,800,2038,1000001,1000000,33
after-map,5,1000000,warm,84,7923.300,1280,800,2038,1000001,1000000,33
after-map,5,1000000,warm,85,9554.000,1280,800,2038,1000001,1000000,33
after-map,5,1000000,warm,86,8402.800,1280,800,2038,1000001,1000000,33
after-map,5,1000000,warm,87,9838.400,1280,800,2038,1000001,1000000,33
after-map,5,1000000,warm,88,10393.900,1280,800,2038,1000001,1000000,33
after-map,5,1000000,warm,89,10563.900,1280,800,2038,1000001,1000000,33
after-map,5,1000000,warm,90,10185.100,1280,800,2038,1000001,1000000,33
after-map,5,1000000,warm,91,9089.600,1280,800,2038,1000001,1000000,33
after-map,5,1000000,warm,92,9724.400,1280,800,2038,1000001,1000000,33
after-map,5,1000000,warm,93,9777.900,1280,800,2038,1000001,1000000,33
after-map,5,1000000,warm,94,11974.700,1280,800,2038,1000001,1000000,33
after-map,5,1000000,warm,95,9654.000,1280,800,2038,1000001,1000000,33
after-map,5,1000000,warm,96,7921.900,1280,800,2038,1000001,1000000,33
after-map,5,1000000,warm,97,9664.300,1280,800,2038,1000001,1000000,33
after-map,5,1000000,warm,98,6130.000,1280,800,2038,1000001,1000000,33
after-map,5,1000000,warm,99,9001.800,1280,800,2038,1000001,1000000,33
after-map,5,1000000,warm,100,7406.900,1280,800,2038,1000001,1000000,33
after-map,5,1000000,warm,101,7065.100,1280,800,2038,1000001,1000000,33
after-map,5,1000000,warm,102,6001.100,1280,800,2038,1000001,1000000,33
after-map,5,1000000,warm,103,7051.000,1280,800,2038,1000001,1000000,33
after-map,5,1000000,warm,104,7779.400,1280,800,2038,1000001,1000000,33
after-map,5,1000000,warm,105,6856.700,1280,800,2038,1000001,1000000,33
after-map,5,1000000,warm,106,9099.800,1280,800,2038,1000001,1000000,33
after-map,5,1000000,warm,107,7696.200,1280,800,2038,1000001,1000000,33
after-map,5,1000000,warm,108,9220.300,1280,800,2038,1000001,1000000,33
after-map,5,1000000,warm,109,7994.100,1280,800,2038,1000001,1000000,33
after-map,5,1000000,warm,110,9158.700,1280,800,2038,1000001,1000000,33
after-map,5,1000000,warm,111,7701.000,1280,800,2038,1000001,1000000,33
after-map,5,1000000,warm,112,9586.800,1280,800,2038,1000001,1000000,33
after-map,5,1000000,warm,113,8081.900,1280,800,2038,1000001,1000000,33
after-map,5,1000000,warm,114,8989.100,1280,800,2038,1000001,1000000,33
after-map,5,1000000,warm,115,8226.700,1280,800,2038,1000001,1000000,33
after-map,5,1000000,warm,116,9035.100,1280,800,2038,1000001,1000000,33
after-map,5,1000000,warm,117,9943.500,1280,800,2038,1000001,1000000,33
after-map,5,1000000,warm,118,9145.200,1280,800,2038,1000001,1000000,33
after-map,5,1000000,warm,119,9910.200,1280,800,2038,1000001,1000000,33
after-map,5,1000000,warm,120,8746.100,1280,800,2038,1000001,1000000,33
after-map,5,1000000,warm,121,9599.700,1280,800,2038,1000001,1000000,33
after-map,5,1000000,warm,122,8228.400,1280,800,2038,1000001,1000000,33
after-map,5,1000000,warm,123,9638.500,1280,800,2038,1000001,1000000,33
after-map,5,1000000,warm,124,8939.400,1280,800,2038,1000001,1000000,33
after-map,5,1000000,warm,125,9659.300,1280,800,2038,1000001,1000000,33
after-map,5,1000000,warm,126,10182.600,1280,800,2038,1000001,1000000,33
after-map,5,1000000,warm,127,9098.300,1280,800,2038,1000001,1000000,33
after-map,5,1000000,warm,128,12281.100,1280,800,2038,1000001,1000000,33
after-map,5,1000000,warm,129,8930.100,1280,800,2038,1000001,1000000,33
after-map,5,1000000,warm,130,10179.600,1280,800,2038,1000001,1000000,33
after-map,5,1000000,warm,131,8980.700,1280,800,2038,1000001,1000000,33
after-map,5,1000000,warm,132,8733.100,1280,800,2038,1000001,1000000,33
after-map,5,1000000,warm,133,11619.700,1280,800,2038,1000001,1000000,33
after-map,5,1000000,warm,134,9915.300,1280,800,2038,1000001,1000000,33
after-map,5,1000000,warm,135,12990.700,1280,800,2038,1000001,1000000,33
after-map,5,1000000,warm,136,11004.100,1280,800,2038,1000001,1000000,33
after-map,5,1000000,warm,137,9482.700,1280,800,2038,1000001,1000000,33
after-map,5,1000000,warm,138,11358.000,1280,800,2038,1000001,1000000,33
after-map,5,1000000,warm,139,12459.400,1280,800,2038,1000001,1000000,33
after-map,5,1000000,warm,140,11426.300,1280,800,2038,1000001,1000000,33
after-map,5,1000000,warm,141,10267.200,1280,800,2038,1000001,1000000,33
after-map,5,1000000,warm,142,11360.500,1280,800,2038,1000001,1000000,33
after-map,5,1000000,warm,143,10216.600,1280,800,2038,1000001,1000000,33
after-map,5,1000000,warm,144,11117.200,1280,800,2038,1000001,1000000,33
after-map,5,1000000,warm,145,10615.900,1280,800,2038,1000001,1000000,33
after-map,5,1000000,warm,146,9208.100,1280,800,2038,1000001,1000000,33
after-map,5,1000000,warm,147,11268.200,1280,800,2038,1000001,1000000,33
after-map,5,1000000,warm,148,10617.600,1280,800,2038,1000001,1000000,33
after-map,5,1000000,warm,149,11666.100,1280,800,2038,1000001,1000000,33
after-map,5,1000000,warm,150,12825.300,1280,800,2038,1000001,1000000,33
after-map,5,1000000,warm,151,11020.300,1280,800,2038,1000001,1000000,33
after-map,5,1000000,warm,152,8855.200,1280,800,2038,1000001,1000000,33
after-map,5,1000000,warm,153,13478.600,1280,800,2038,1000001,1000000,33
after-map,5,1000000,warm,154,10730.400,1280,800,2038,1000001,1000000,33
after-map,5,1000000,warm,155,8993.200,1280,800,2038,1000001,1000000,33
after-map,5,1000000,warm,156,12158.800,1280,800,2038,1000001,1000000,33
after-map,5,1000000,warm,157,9765.900,1280,800,2038,1000001,1000000,33
after-map,5,1000000,warm,158,8667.200,1280,800,2038,1000001,1000000,33
after-map,5,1000000,warm,159,10180.900,1280,800,2038,1000001,1000000,33
after-map,5,1000000,warm,160,9419.800,1280,800,2038,1000001,1000000,33
after-map,5,1000000,warm,161,11471.900,1280,800,2038,1000001,1000000,33
after-map,5,1000000,warm,162,9080.900,1280,800,2038,1000001,1000000,33
after-map,5,1000000,warm,163,9850.100,1280,800,2038,1000001,1000000,33
after-map,5,1000000,warm,164,10004.800,1280,800,2038,1000001,1000000,33
after-map,5,1000000,warm,165,9177.100,1280,800,2038,1000001,1000000,33
after-map,5,1000000,warm,166,13648.400,1280,800,2038,1000001,1000000,33
after-map,5,1000000,warm,167,11332.400,1280,800,2038,1000001,1000000,33
after-map,5,1000000,warm,168,9724.100,1280,800,2038,1000001,1000000,33
after-map,5,1000000,warm,169,11052.600,1280,800,2038,1000001,1000000,33
after-map,5,1000000,warm,170,6592.500,1280,800,2038,1000001,1000000,33
after-map,5,1000000,warm,171,9292.100,1280,800,2038,1000001,1000000,33
after-map,5,1000000,warm,172,10134.000,1280,800,2038,1000001,1000000,33
after-map,5,1000000,warm,173,9490.000,1280,800,2038,1000001,1000000,33
after-map,5,1000000,warm,174,11475.500,1280,800,2038,1000001,1000000,33
after-map,5,1000000,warm,175,8983.900,1280,800,2038,1000001,1000000,33
after-map,5,1000000,warm,176,9620.000,1280,800,2038,1000001,1000000,33
after-map,5,1000000,warm,177,9460.700,1280,800,2038,1000001,1000000,33
after-map,5,1000000,warm,178,8866.900,1280,800,2038,1000001,1000000,33
after-map,5,1000000,warm,179,10835.200,1280,800,2038,1000001,1000000,33
after-map,5,1000000,warm,180,9495.300,1280,800,2038,1000001,1000000,33
after-map,5,1000000,warm,181,9904.700,1280,800,2038,1000001,1000000,33
after-map,5,1000000,warm,182,8133.000,1280,800,2038,1000001,1000000,33
after-map,5,1000000,warm,183,9772.800,1280,800,2038,1000001,1000000,33
after-map,5,1000000,warm,184,8519.100,1280,800,2038,1000001,1000000,33
after-map,5,1000000,warm,185,9103.500,1280,800,2038,1000001,1000000,33
after-map,5,1000000,warm,186,8934.900,1280,800,2038,1000001,1000000,33
after-map,5,1000000,warm,187,10272.600,1280,800,2038,1000001,1000000,33
after-map,5,1000000,warm,188,10191.100,1280,800,2038,1000001,1000000,33
after-map,5,1000000,warm,189,8186.100,1280,800,2038,1000001,1000000,33
after-map,5,1000000,warm,190,11872.700,1280,800,2038,1000001,1000000,33
after-map,5,1000000,warm,191,11302.600,1280,800,2038,1000001,1000000,33
after-map,5,1000000,warm,192,8367.600,1280,800,2038,1000001,1000000,33
after-map,5,1000000,warm,193,11879.000,1280,800,2038,1000001,1000000,33
after-map,5,1000000,warm,194,9290.300,1280,800,2038,1000001,1000000,33
after-map,5,1000000,warm,195,8736.800,1280,800,2038,1000001,1000000,33
after-map,5,1000000,warm,196,8116.800,1280,800,2038,1000001,1000000,33
after-map,5,1000000,warm,197,8802.200,1280,800,2038,1000001,1000000,33
after-map,5,1000000,warm,198,8150.900,1280,800,2038,1000001,1000000,33
after-map,5,1000000,warm,199,9112.200,1280,800,2038,1000001,1000000,33
after-map,5,1000000,metric_first,0,10275.700,1280,800,2038,1000001,1000000,33
after-map,5,1000000,metric_transition,0,8847.500,1280,800,2038,1000001,1000000,33
after-map,5,1000000,metric_transition,1,8282.300,1280,800,2038,1000001,1000000,33
after-map,5,1000000,metric_transition,2,8497.500,1280,800,2038,1000001,1000000,33
after-map,5,1000000,metric_transition,3,9548.300,1280,800,2038,1000001,1000000,33
after-map,5,1000000,metric_transition,4,10393.100,1280,800,2038,1000001,1000000,33
after-map,5,1000000,metric_transition,5,10036.800,1280,800,2038,1000001,1000000,33
after-map,5,1000000,metric_transition,6,10019.800,1280,800,2038,1000001,1000000,33
after-map,5,1000000,metric_transition,7,8283.600,1280,800,2038,1000001,1000000,33
after-map,5,1000000,metric_transition,8,9799.500,1280,800,2038,1000001,1000000,33
after-map,5,1000000,metric_transition,9,10153.200,1280,800,2038,1000001,1000000,33
after-map,5,1000000,metric_transition,10,8814.500,1280,800,2038,1000001,1000000,33
after-map,5,1000000,metric_transition,11,9388.600,1280,800,2038,1000001,1000000,33
after-map,5,1000000,metric_transition,12,13746.300,1280,800,2038,1000001,1000000,33
after-map,5,1000000,metric_transition,13,8579.300,1280,800,2038,1000001,1000000,33
after-map,5,1000000,metric_transition,14,11295.200,1280,800,2038,1000001,1000000,33
after-map,5,1000000,metric_transition,15,9317.500,1280,800,2038,1000001,1000000,33
after-map,5,1000000,metric_transition,16,10935.600,1280,800,2038,1000001,1000000,33
after-map,5,1000000,metric_transition,17,10900.400,1280,800,2038,1000001,1000000,33
after-map,5,1000000,metric_transition,18,11300.500,1280,800,2038,1000001,1000000,33
after-map,5,1000000,metric_transition,19,10615.400,1280,800,2038,1000001,1000000,33
after-map,5,1000000,metric_transition,20,7855.700,1280,800,2038,1000001,1000000,33
after-map,5,1000000,metric_transition,21,11700.200,1280,800,2038,1000001,1000000,33
after-map,5,1000000,metric_transition,22,10261.700,1280,800,2038,1000001,1000000,33
after-map,5,1000000,metric_transition,23,9426.800,1280,800,2038,1000001,1000000,33
after-map,5,1000000,metric_transition,24,10342.400,1280,800,2038,1000001,1000000,33
after-map,5,1000000,metric_transition,25,9742.000,1280,800,2038,1000001,1000000,33
after-map,5,1000000,metric_transition,26,10129.600,1280,800,2038,1000001,1000000,33
after-map,5,1000000,metric_transition,27,7843.300,1280,800,2038,1000001,1000000,33
after-map,5,1000000,metric_transition,28,9526.100,1280,800,2038,1000001,1000000,33
after-map,5,1000000,metric_transition,29,11710.400,1280,800,2038,1000001,1000000,33
after-map,5,1000000,metric_transition,30,9144.800,1280,800,2038,1000001,1000000,33
after-map,5,1000000,metric_transition,31,10326.200,1280,800,2038,1000001,1000000,33
after-map,5,1000000,metric_transition,32,8952.200,1280,800,2038,1000001,1000000,33
after-map,5,1000000,metric_transition,33,11438.900,1280,800,2038,1000001,1000000,33
after-map,5,1000000,metric_transition,34,9454.400,1280,800,2038,1000001,1000000,33
after-map,5,1000000,metric_transition,35,10212.600,1280,800,2038,1000001,1000000,33
after-map,5,1000000,metric_transition,36,9267.300,1280,800,2038,1000001,1000000,33
after-map,5,1000000,metric_transition,37,7818.200,1280,800,2038,1000001,1000000,33
after-map,5,1000000,metric_transition,38,8432.000,1280,800,2038,1000001,1000000,33
after-map,5,1000000,metric_transition,39,8583.300,1280,800,2038,1000001,1000000,33
after-map,5,1000000,metric_transition,40,8952.900,1280,800,2038,1000001,1000000,33
after-map,5,1000000,metric_transition,41,9755.200,1280,800,2038,1000001,1000000,33
after-map,5,1000000,metric_transition,42,8983.500,1280,800,2038,1000001,1000000,33
after-map,5,1000000,metric_transition,43,7365.600,1280,800,2038,1000001,1000000,33
after-map,5,1000000,metric_transition,44,9019.800,1280,800,2038,1000001,1000000,33
after-map,5,1000000,metric_transition,45,8147.700,1280,800,2038,1000001,1000000,33
after-map,5,1000000,metric_transition,46,9297.300,1280,800,2038,1000001,1000000,33
after-map,5,1000000,metric_transition,47,9884.300,1280,800,2038,1000001,1000000,33
after-map,5,1000000,metric_transition,48,9985.600,1280,800,2038,1000001,1000000,33
after-map,5,1000000,metric_transition,49,7586.500,1280,800,2038,1000001,1000000,33
after-map,5,1000000,metric_transition,50,5888.600,1280,800,2038,1000001,1000000,33
after-map,5,1000000,metric_transition,51,8239.100,1280,800,2038,1000001,1000000,33
after-map,5,1000000,metric_transition,52,8541.300,1280,800,2038,1000001,1000000,33
after-map,5,1000000,metric_transition,53,7948.300,1280,800,2038,1000001,1000000,33
after-map,5,1000000,metric_transition,54,8280.700,1280,800,2038,1000001,1000000,33
after-map,5,1000000,metric_transition,55,9162.000,1280,800,2038,1000001,1000000,33
after-map,5,1000000,metric_transition,56,7974.100,1280,800,2038,1000001,1000000,33
after-map,5,1000000,metric_transition,57,7675.300,1280,800,2038,1000001,1000000,33
after-map,5,1000000,metric_transition,58,8644.800,1280,800,2038,1000001,1000000,33
after-map,5,1000000,metric_transition,59,5989.400,1280,800,2038,1000001,1000000,33
after-map,5,1000000,metric_transition,60,7418.500,1280,800,2038,1000001,1000000,33
after-map,5,1000000,metric_transition,61,7798.600,1280,800,2038,1000001,1000000,33
after-map,5,1000000,metric_transition,62,7465.500,1280,800,2038,1000001,1000000,33
after-map,5,1000000,metric_transition,63,8356.900,1280,800,2038,1000001,1000000,33
after-map,5,1000000,metric_transition,64,10595.100,1280,800,2038,1000001,1000000,33
after-map,5,1000000,metric_transition,65,8336.000,1280,800,2038,1000001,1000000,33
after-map,5,1000000,metric_transition,66,9805.000,1280,800,2038,1000001,1000000,33
after-map,5,1000000,metric_transition,67,9084.000,1280,800,2038,1000001,1000000,33
after-map,5,1000000,metric_transition,68,8743.900,1280,800,2038,1000001,1000000,33
after-map,5,1000000,metric_transition,69,7422.900,1280,800,2038,1000001,1000000,33
after-map,5,1000000,metric_transition,70,8991.600,1280,800,2038,1000001,1000000,33
after-map,5,1000000,metric_transition,71,10306.100,1280,800,2038,1000001,1000000,33
after-map,5,1000000,metric_transition,72,9106.600,1280,800,2038,1000001,1000000,33
after-map,5,1000000,metric_transition,73,7900.600,1280,800,2038,1000001,1000000,33
after-map,5,1000000,metric_transition,74,7997.100,1280,800,2038,1000001,1000000,33
after-map,5,1000000,metric_transition,75,9493.200,1280,800,2038,1000001,1000000,33
after-map,5,1000000,metric_transition,76,9070.800,1280,800,2038,1000001,1000000,33
after-map,5,1000000,metric_transition,77,11104.900,1280,800,2038,1000001,1000000,33
after-map,5,1000000,metric_transition,78,10670.300,1280,800,2038,1000001,1000000,33
after-map,5,1000000,metric_transition,79,5581.000,1280,800,2038,1000001,1000000,33
after-map,5,1000000,metric_transition,80,10384.200,1280,800,2038,1000001,1000000,33
after-map,5,1000000,metric_transition,81,8249.600,1280,800,2038,1000001,1000000,33
after-map,5,1000000,metric_transition,82,8692.700,1280,800,2038,1000001,1000000,33
after-map,5,1000000,metric_transition,83,9174.300,1280,800,2038,1000001,1000000,33
after-map,5,1000000,metric_transition,84,10755.100,1280,800,2038,1000001,1000000,33
after-map,5,1000000,metric_transition,85,8740.600,1280,800,2038,1000001,1000000,33
after-map,5,1000000,metric_transition,86,7124.100,1280,800,2038,1000001,1000000,33
after-map,5,1000000,metric_transition,87,8051.600,1280,800,2038,1000001,1000000,33
after-map,5,1000000,metric_transition,88,8457.200,1280,800,2038,1000001,1000000,33
after-map,5,1000000,metric_transition,89,8072.200,1280,800,2038,1000001,1000000,33
after-map,5,1000000,metric_transition,90,8713.100,1280,800,2038,1000001,1000000,33
after-map,5,1000000,metric_transition,91,10088.300,1280,800,2038,1000001,1000000,33
after-map,5,1000000,metric_transition,92,9702.800,1280,800,2038,1000001,1000000,33
after-map,5,1000000,metric_transition,93,7951.400,1280,800,2038,1000001,1000000,33
after-map,5,1000000,metric_transition,94,8645.100,1280,800,2038,1000001,1000000,33
after-map,5,1000000,metric_transition,95,7196.600,1280,800,2038,1000001,1000000,33
after-map,5,1000000,metric_transition,96,8250.200,1280,800,2038,1000001,1000000,33
after-map,5,1000000,metric_transition,97,8220.900,1280,800,2038,1000001,1000000,33
after-map,5,1000000,metric_transition,98,8886.400,1280,800,2038,1000001,1000000,33
after-map,5,1000000,metric_transition,99,10296.300,1280,800,2038,1000001,1000000,33
after-map,5,1000000,metric_transition,100,9413.700,1280,800,2038,1000001,1000000,33
after-map,5,1000000,metric_transition,101,8492.100,1280,800,2038,1000001,1000000,33
after-map,5,1000000,metric_transition,102,8164.200,1280,800,2038,1000001,1000000,33
after-map,5,1000000,metric_transition,103,8174.300,1280,800,2038,1000001,1000000,33
after-map,5,1000000,metric_transition,104,9253.500,1280,800,2038,1000001,1000000,33
after-map,5,1000000,metric_transition,105,9422.900,1280,800,2038,1000001,1000000,33
after-map,5,1000000,metric_transition,106,9101.200,1280,800,2038,1000001,1000000,33
after-map,5,1000000,metric_transition,107,7354.700,1280,800,2038,1000001,1000000,33
after-map,5,1000000,metric_transition,108,7148.600,1280,800,2038,1000001,1000000,33
after-map,5,1000000,metric_transition,109,8068.100,1280,800,2038,1000001,1000000,33
after-map,5,1000000,metric_transition,110,7831.800,1280,800,2038,1000001,1000000,33
after-map,5,1000000,metric_transition,111,8643.400,1280,800,2038,1000001,1000000,33
after-map,5,1000000,metric_transition,112,10597.000,1280,800,2038,1000001,1000000,33
after-map,5,1000000,metric_transition,113,9614.700,1280,800,2038,1000001,1000000,33
after-map,5,1000000,metric_transition,114,7330.800,1280,800,2038,1000001,1000000,33
after-map,5,1000000,metric_transition,115,8528.100,1280,800,2038,1000001,1000000,33
after-map,5,1000000,metric_transition,116,7987.300,1280,800,2038,1000001,1000000,33
after-map,5,1000000,metric_transition,117,6514.500,1280,800,2038,1000001,1000000,33
after-map,5,1000000,metric_transition,118,9270.800,1280,800,2038,1000001,1000000,33
after-map,5,1000000,metric_transition,119,10310.600,1280,800,2038,1000001,1000000,33
after-map,5,1000000,metric_transition,120,11099.100,1280,800,2038,1000001,1000000,33
after-map,5,1000000,metric_transition,121,8442.500,1280,800,2038,1000001,1000000,33
after-map,5,1000000,metric_transition,122,8128.900,1280,800,2038,1000001,1000000,33
after-map,5,1000000,metric_transition,123,8313.400,1280,800,2038,1000001,1000000,33
after-map,5,1000000,metric_transition,124,8681.800,1280,800,2038,1000001,1000000,33
after-map,5,1000000,metric_transition,125,11476.000,1280,800,2038,1000001,1000000,33
after-map,5,1000000,metric_transition,126,11080.900,1280,800,2038,1000001,1000000,33
after-map,5,1000000,metric_transition,127,7840.500,1280,800,2038,1000001,1000000,33
after-map,5,1000000,metric_transition,128,7628.000,1280,800,2038,1000001,1000000,33
after-map,5,1000000,metric_transition,129,7822.300,1280,800,2038,1000001,1000000,33
after-map,5,1000000,metric_transition,130,10211.800,1280,800,2038,1000001,1000000,33
after-map,5,1000000,metric_transition,131,9729.100,1280,800,2038,1000001,1000000,33
after-map,5,1000000,metric_transition,132,9705.000,1280,800,2038,1000001,1000000,33
after-map,5,1000000,metric_transition,133,9377.600,1280,800,2038,1000001,1000000,33
after-map,5,1000000,metric_transition,134,7688.300,1280,800,2038,1000001,1000000,33
after-map,5,1000000,metric_transition,135,7880.300,1280,800,2038,1000001,1000000,33
after-map,5,1000000,metric_transition,136,8198.400,1280,800,2038,1000001,1000000,33
after-map,5,1000000,metric_transition,137,9816.200,1280,800,2038,1000001,1000000,33
after-map,5,1000000,metric_transition,138,8401.400,1280,800,2038,1000001,1000000,33
after-map,5,1000000,metric_transition,139,11398.000,1280,800,2038,1000001,1000000,33
after-map,5,1000000,metric_transition,140,8484.400,1280,800,2038,1000001,1000000,33
after-map,5,1000000,metric_transition,141,7738.200,1280,800,2038,1000001,1000000,33
after-map,5,1000000,metric_transition,142,8063.100,1280,800,2038,1000001,1000000,33
after-map,5,1000000,metric_transition,143,8289.700,1280,800,2038,1000001,1000000,33
after-map,5,1000000,metric_transition,144,9874.700,1280,800,2038,1000001,1000000,33
after-map,5,1000000,metric_transition,145,9159.500,1280,800,2038,1000001,1000000,33
after-map,5,1000000,metric_transition,146,8879.800,1280,800,2038,1000001,1000000,33
after-map,5,1000000,metric_transition,147,9222.700,1280,800,2038,1000001,1000000,33
after-map,5,1000000,metric_transition,148,8104.800,1280,800,2038,1000001,1000000,33
after-map,5,1000000,metric_transition,149,10063.300,1280,800,2038,1000001,1000000,33
after-map,5,1000000,metric_transition,150,10188.300,1280,800,2038,1000001,1000000,33
after-map,5,1000000,metric_transition,151,9833.700,1280,800,2038,1000001,1000000,33
after-map,5,1000000,metric_transition,152,5833.100,1280,800,2038,1000001,1000000,33
after-map,5,1000000,metric_transition,153,8430.400,1280,800,2038,1000001,1000000,33
after-map,5,1000000,metric_transition,154,8946.200,1280,800,2038,1000001,1000000,33
after-map,5,1000000,metric_transition,155,8937.700,1280,800,2038,1000001,1000000,33
after-map,5,1000000,metric_transition,156,10444.300,1280,800,2038,1000001,1000000,33
after-map,5,1000000,metric_transition,157,9188.000,1280,800,2038,1000001,1000000,33
after-map,5,1000000,metric_transition,158,9220.500,1280,800,2038,1000001,1000000,33
after-map,5,1000000,metric_transition,159,8023.500,1280,800,2038,1000001,1000000,33
after-map,5,1000000,metric_transition,160,6939.300,1280,800,2038,1000001,1000000,33
after-map,5,1000000,metric_transition,161,7553.500,1280,800,2038,1000001,1000000,33
after-map,5,1000000,metric_transition,162,7758.700,1280,800,2038,1000001,1000000,33
after-map,5,1000000,metric_transition,163,9004.900,1280,800,2038,1000001,1000000,33
after-map,5,1000000,metric_transition,164,9024.000,1280,800,2038,1000001,1000000,33
after-map,5,1000000,metric_transition,165,9346.400,1280,800,2038,1000001,1000000,33
after-map,5,1000000,metric_transition,166,9172.500,1280,800,2038,1000001,1000000,33
after-map,5,1000000,metric_transition,167,8015.500,1280,800,2038,1000001,1000000,33
after-map,5,1000000,metric_transition,168,5912.000,1280,800,2038,1000001,1000000,33
after-map,5,1000000,metric_transition,169,7274.000,1280,800,2038,1000001,1000000,33
after-map,5,1000000,metric_transition,170,7231.900,1280,800,2038,1000001,1000000,33
after-map,5,1000000,metric_transition,171,7243.300,1280,800,2038,1000001,1000000,33
after-map,5,1000000,metric_transition,172,7496.100,1280,800,2038,1000001,1000000,33
after-map,5,1000000,metric_transition,173,9280.400,1280,800,2038,1000001,1000000,33
after-map,5,1000000,metric_transition,174,9537.300,1280,800,2038,1000001,1000000,33
after-map,5,1000000,metric_transition,175,8682.800,1280,800,2038,1000001,1000000,33
after-map,5,1000000,metric_transition,176,9131.500,1280,800,2038,1000001,1000000,33
after-map,5,1000000,metric_transition,177,9628.100,1280,800,2038,1000001,1000000,33
after-map,5,1000000,metric_transition,178,7627.900,1280,800,2038,1000001,1000000,33
after-map,5,1000000,metric_transition,179,7810.100,1280,800,2038,1000001,1000000,33
after-map,5,1000000,metric_transition,180,9997.700,1280,800,2038,1000001,1000000,33
after-map,5,1000000,metric_transition,181,10349.500,1280,800,2038,1000001,1000000,33
after-map,5,1000000,metric_transition,182,9815.800,1280,800,2038,1000001,1000000,33
after-map,5,1000000,metric_transition,183,7978.500,1280,800,2038,1000001,1000000,33
after-map,5,1000000,metric_transition,184,9698.500,1280,800,2038,1000001,1000000,33
after-map,5,1000000,metric_transition,185,8414.700,1280,800,2038,1000001,1000000,33
after-map,5,1000000,metric_transition,186,9359.000,1280,800,2038,1000001,1000000,33
after-map,5,1000000,metric_transition,187,10542.000,1280,800,2038,1000001,1000000,33
after-map,5,1000000,metric_transition,188,13787.500,1280,800,2038,1000001,1000000,33
after-map,5,1000000,metric_transition,189,9366.700,1280,800,2038,1000001,1000000,33
after-map,5,1000000,metric_transition,190,10081.700,1280,800,2038,1000001,1000000,33
after-map,5,1000000,metric_transition,191,9335.400,1280,800,2038,1000001,1000000,33
after-map,5,1000000,metric_transition,192,8814.300,1280,800,2038,1000001,1000000,33
after-map,5,1000000,metric_transition,193,7892.000,1280,800,2038,1000001,1000000,33
after-map,5,1000000,metric_transition,194,8048.600,1280,800,2038,1000001,1000000,33
after-map,5,1000000,metric_transition,195,10022.500,1280,800,2038,1000001,1000000,33
after-map,5,1000000,metric_transition,196,9604.100,1280,800,2038,1000001,1000000,33
after-map,5,1000000,metric_transition,197,10042.200,1280,800,2038,1000001,1000000,33
after-map,5,1000000,metric_transition,198,10166.600,1280,800,2038,1000001,1000000,33
after-map,5,1000000,metric_transition,199,8277.200,1280,800,2038,1000001,1000000,33
after-map,5,1000000,metric_warm,0,7843.200,1280,800,2038,1000001,1000000,33
after-map,5,1000000,metric_warm,1,9012.600,1280,800,2038,1000001,1000000,33
after-map,5,1000000,metric_warm,2,7780.300,1280,800,2038,1000001,1000000,33
after-map,5,1000000,metric_warm,3,8439.500,1280,800,2038,1000001,1000000,33
after-map,5,1000000,metric_warm,4,7260.900,1280,800,2038,1000001,1000000,33
after-map,5,1000000,metric_warm,5,8701.000,1280,800,2038,1000001,1000000,33
after-map,5,1000000,metric_warm,6,7023.300,1280,800,2038,1000001,1000000,33
after-map,5,1000000,metric_warm,7,9422.500,1280,800,2038,1000001,1000000,33
after-map,5,1000000,metric_warm,8,11568.500,1280,800,2038,1000001,1000000,33
after-map,5,1000000,metric_warm,9,8229.100,1280,800,2038,1000001,1000000,33
after-map,5,1000000,metric_warm,10,9679.800,1280,800,2038,1000001,1000000,33
after-map,5,1000000,metric_warm,11,8255.000,1280,800,2038,1000001,1000000,33
after-map,5,1000000,metric_warm,12,8995.500,1280,800,2038,1000001,1000000,33
after-map,5,1000000,metric_warm,13,7661.900,1280,800,2038,1000001,1000000,33
after-map,5,1000000,metric_warm,14,9112.800,1280,800,2038,1000001,1000000,33
after-map,5,1000000,metric_warm,15,7078.300,1280,800,2038,1000001,1000000,33
after-map,5,1000000,metric_warm,16,11070.500,1280,800,2038,1000001,1000000,33
after-map,5,1000000,metric_warm,17,8125.200,1280,800,2038,1000001,1000000,33
after-map,5,1000000,metric_warm,18,8036.000,1280,800,2038,1000001,1000000,33
after-map,5,1000000,metric_warm,19,7947.600,1280,800,2038,1000001,1000000,33
after-map,5,1000000,metric_warm,20,9578.100,1280,800,2038,1000001,1000000,33
after-map,5,1000000,metric_warm,21,7295.900,1280,800,2038,1000001,1000000,33
after-map,5,1000000,metric_warm,22,9349.400,1280,800,2038,1000001,1000000,33
after-map,5,1000000,metric_warm,23,8060.100,1280,800,2038,1000001,1000000,33
after-map,5,1000000,metric_warm,24,9255.900,1280,800,2038,1000001,1000000,33
after-map,5,1000000,metric_warm,25,7703.100,1280,800,2038,1000001,1000000,33
after-map,5,1000000,metric_warm,26,9240.300,1280,800,2038,1000001,1000000,33
after-map,5,1000000,metric_warm,27,7380.300,1280,800,2038,1000001,1000000,33
after-map,5,1000000,metric_warm,28,8656.500,1280,800,2038,1000001,1000000,33
after-map,5,1000000,metric_warm,29,7303.200,1280,800,2038,1000001,1000000,33
after-map,5,1000000,metric_warm,30,9129.500,1280,800,2038,1000001,1000000,33
after-map,5,1000000,metric_warm,31,8005.500,1280,800,2038,1000001,1000000,33
after-map,5,1000000,metric_warm,32,9208.500,1280,800,2038,1000001,1000000,33
after-map,5,1000000,metric_warm,33,8612.200,1280,800,2038,1000001,1000000,33
after-map,5,1000000,metric_warm,34,11006.600,1280,800,2038,1000001,1000000,33
after-map,5,1000000,metric_warm,35,10853.100,1280,800,2038,1000001,1000000,33
after-map,5,1000000,metric_warm,36,9180.500,1280,800,2038,1000001,1000000,33
after-map,5,1000000,metric_warm,37,11086.500,1280,800,2038,1000001,1000000,33
after-map,5,1000000,metric_warm,38,9796.000,1280,800,2038,1000001,1000000,33
after-map,5,1000000,metric_warm,39,11050.300,1280,800,2038,1000001,1000000,33
after-map,5,1000000,metric_warm,40,11119.300,1280,800,2038,1000001,1000000,33
after-map,5,1000000,metric_warm,41,8471.600,1280,800,2038,1000001,1000000,33
after-map,5,1000000,metric_warm,42,9972.000,1280,800,2038,1000001,1000000,33
after-map,5,1000000,metric_warm,43,7756.900,1280,800,2038,1000001,1000000,33
after-map,5,1000000,metric_warm,44,9432.500,1280,800,2038,1000001,1000000,33
after-map,5,1000000,metric_warm,45,8540.600,1280,800,2038,1000001,1000000,33
after-map,5,1000000,metric_warm,46,10458.100,1280,800,2038,1000001,1000000,33
after-map,5,1000000,metric_warm,47,10822.800,1280,800,2038,1000001,1000000,33
after-map,5,1000000,metric_warm,48,9227.100,1280,800,2038,1000001,1000000,33
after-map,5,1000000,metric_warm,49,9581.300,1280,800,2038,1000001,1000000,33
after-map,5,1000000,metric_warm,50,8350.700,1280,800,2038,1000001,1000000,33
after-map,5,1000000,metric_warm,51,9382.500,1280,800,2038,1000001,1000000,33
after-map,5,1000000,metric_warm,52,6653.900,1280,800,2038,1000001,1000000,33
after-map,5,1000000,metric_warm,53,9293.000,1280,800,2038,1000001,1000000,33
after-map,5,1000000,metric_warm,54,7594.300,1280,800,2038,1000001,1000000,33
after-map,5,1000000,metric_warm,55,9077.000,1280,800,2038,1000001,1000000,33
after-map,5,1000000,metric_warm,56,6976.200,1280,800,2038,1000001,1000000,33
after-map,5,1000000,metric_warm,57,8646.100,1280,800,2038,1000001,1000000,33
after-map,5,1000000,metric_warm,58,7533.400,1280,800,2038,1000001,1000000,33
after-map,5,1000000,metric_warm,59,9584.400,1280,800,2038,1000001,1000000,33
after-map,5,1000000,metric_warm,60,8430.400,1280,800,2038,1000001,1000000,33
after-map,5,1000000,metric_warm,61,9522.600,1280,800,2038,1000001,1000000,33
after-map,5,1000000,metric_warm,62,8022.000,1280,800,2038,1000001,1000000,33
after-map,5,1000000,metric_warm,63,9096.000,1280,800,2038,1000001,1000000,33
after-map,5,1000000,metric_warm,64,7634.800,1280,800,2038,1000001,1000000,33
after-map,5,1000000,metric_warm,65,8695.500,1280,800,2038,1000001,1000000,33
after-map,5,1000000,metric_warm,66,6855.100,1280,800,2038,1000001,1000000,33
after-map,5,1000000,metric_warm,67,8734.000,1280,800,2038,1000001,1000000,33
after-map,5,1000000,metric_warm,68,6271.100,1280,800,2038,1000001,1000000,33
after-map,5,1000000,metric_warm,69,8616.700,1280,800,2038,1000001,1000000,33
after-map,5,1000000,metric_warm,70,7725.500,1280,800,2038,1000001,1000000,33
after-map,5,1000000,metric_warm,71,9016.500,1280,800,2038,1000001,1000000,33
after-map,5,1000000,metric_warm,72,7663.100,1280,800,2038,1000001,1000000,33
after-map,5,1000000,metric_warm,73,9297.000,1280,800,2038,1000001,1000000,33
after-map,5,1000000,metric_warm,74,7336.800,1280,800,2038,1000001,1000000,33
after-map,5,1000000,metric_warm,75,8416.500,1280,800,2038,1000001,1000000,33
after-map,5,1000000,metric_warm,76,7926.300,1280,800,2038,1000001,1000000,33
after-map,5,1000000,metric_warm,77,6945.500,1280,800,2038,1000001,1000000,33
after-map,5,1000000,metric_warm,78,8133.400,1280,800,2038,1000001,1000000,33
after-map,5,1000000,metric_warm,79,8542.300,1280,800,2038,1000001,1000000,33
after-map,5,1000000,metric_warm,80,7177.500,1280,800,2038,1000001,1000000,33
after-map,5,1000000,metric_warm,81,7418.300,1280,800,2038,1000001,1000000,33
after-map,5,1000000,metric_warm,82,8834.500,1280,800,2038,1000001,1000000,33
after-map,5,1000000,metric_warm,83,7140.400,1280,800,2038,1000001,1000000,33
after-map,5,1000000,metric_warm,84,9375.500,1280,800,2038,1000001,1000000,33
after-map,5,1000000,metric_warm,85,9037.100,1280,800,2038,1000001,1000000,33
after-map,5,1000000,metric_warm,86,8590.900,1280,800,2038,1000001,1000000,33
after-map,5,1000000,metric_warm,87,8904.300,1280,800,2038,1000001,1000000,33
after-map,5,1000000,metric_warm,88,9350.100,1280,800,2038,1000001,1000000,33
after-map,5,1000000,metric_warm,89,8068.800,1280,800,2038,1000001,1000000,33
after-map,5,1000000,metric_warm,90,8949.700,1280,800,2038,1000001,1000000,33
after-map,5,1000000,metric_warm,91,9376.200,1280,800,2038,1000001,1000000,33
after-map,5,1000000,metric_warm,92,9472.300,1280,800,2038,1000001,1000000,33
after-map,5,1000000,metric_warm,93,10058.300,1280,800,2038,1000001,1000000,33
after-map,5,1000000,metric_warm,94,7731.800,1280,800,2038,1000001,1000000,33
after-map,5,1000000,metric_warm,95,9993.800,1280,800,2038,1000001,1000000,33
after-map,5,1000000,metric_warm,96,7458.100,1280,800,2038,1000001,1000000,33
after-map,5,1000000,metric_warm,97,8446.400,1280,800,2038,1000001,1000000,33
after-map,5,1000000,metric_warm,98,7618.900,1280,800,2038,1000001,1000000,33
after-map,5,1000000,metric_warm,99,8742.400,1280,800,2038,1000001,1000000,33
after-map,5,1000000,metric_warm,100,7996.300,1280,800,2038,1000001,1000000,33
after-map,5,1000000,metric_warm,101,9267.900,1280,800,2038,1000001,1000000,33
after-map,5,1000000,metric_warm,102,8468.600,1280,800,2038,1000001,1000000,33
after-map,5,1000000,metric_warm,103,8913.700,1280,800,2038,1000001,1000000,33
after-map,5,1000000,metric_warm,104,7679.200,1280,800,2038,1000001,1000000,33
after-map,5,1000000,metric_warm,105,10144.900,1280,800,2038,1000001,1000000,33
after-map,5,1000000,metric_warm,106,8813.400,1280,800,2038,1000001,1000000,33
after-map,5,1000000,metric_warm,107,8879.300,1280,800,2038,1000001,1000000,33
after-map,5,1000000,metric_warm,108,10153.500,1280,800,2038,1000001,1000000,33
after-map,5,1000000,metric_warm,109,9951.000,1280,800,2038,1000001,1000000,33
after-map,5,1000000,metric_warm,110,11772.700,1280,800,2038,1000001,1000000,33
after-map,5,1000000,metric_warm,111,11825.600,1280,800,2038,1000001,1000000,33
after-map,5,1000000,metric_warm,112,10173.300,1280,800,2038,1000001,1000000,33
after-map,5,1000000,metric_warm,113,9473.500,1280,800,2038,1000001,1000000,33
after-map,5,1000000,metric_warm,114,8164.000,1280,800,2038,1000001,1000000,33
after-map,5,1000000,metric_warm,115,9139.300,1280,800,2038,1000001,1000000,33
after-map,5,1000000,metric_warm,116,7706.900,1280,800,2038,1000001,1000000,33
after-map,5,1000000,metric_warm,117,8913.000,1280,800,2038,1000001,1000000,33
after-map,5,1000000,metric_warm,118,8971.800,1280,800,2038,1000001,1000000,33
after-map,5,1000000,metric_warm,119,9902.200,1280,800,2038,1000001,1000000,33
after-map,5,1000000,metric_warm,120,10570.800,1280,800,2038,1000001,1000000,33
after-map,5,1000000,metric_warm,121,9698.800,1280,800,2038,1000001,1000000,33
after-map,5,1000000,metric_warm,122,10371.000,1280,800,2038,1000001,1000000,33
after-map,5,1000000,metric_warm,123,7321.900,1280,800,2038,1000001,1000000,33
after-map,5,1000000,metric_warm,124,9336.800,1280,800,2038,1000001,1000000,33
after-map,5,1000000,metric_warm,125,7983.000,1280,800,2038,1000001,1000000,33
after-map,5,1000000,metric_warm,126,8202.200,1280,800,2038,1000001,1000000,33
after-map,5,1000000,metric_warm,127,7186.400,1280,800,2038,1000001,1000000,33
after-map,5,1000000,metric_warm,128,9775.900,1280,800,2038,1000001,1000000,33
after-map,5,1000000,metric_warm,129,8027.300,1280,800,2038,1000001,1000000,33
after-map,5,1000000,metric_warm,130,9561.600,1280,800,2038,1000001,1000000,33
after-map,5,1000000,metric_warm,131,8169.200,1280,800,2038,1000001,1000000,33
after-map,5,1000000,metric_warm,132,10572.900,1280,800,2038,1000001,1000000,33
after-map,5,1000000,metric_warm,133,11421.300,1280,800,2038,1000001,1000000,33
after-map,5,1000000,metric_warm,134,7964.700,1280,800,2038,1000001,1000000,33
after-map,5,1000000,metric_warm,135,9435.600,1280,800,2038,1000001,1000000,33
after-map,5,1000000,metric_warm,136,7163.100,1280,800,2038,1000001,1000000,33
after-map,5,1000000,metric_warm,137,9146.500,1280,800,2038,1000001,1000000,33
after-map,5,1000000,metric_warm,138,7423.200,1280,800,2038,1000001,1000000,33
after-map,5,1000000,metric_warm,139,9988.600,1280,800,2038,1000001,1000000,33
after-map,5,1000000,metric_warm,140,8884.500,1280,800,2038,1000001,1000000,33
after-map,5,1000000,metric_warm,141,8528.500,1280,800,2038,1000001,1000000,33
after-map,5,1000000,metric_warm,142,8539.400,1280,800,2038,1000001,1000000,33
after-map,5,1000000,metric_warm,143,8827.100,1280,800,2038,1000001,1000000,33
after-map,5,1000000,metric_warm,144,9274.600,1280,800,2038,1000001,1000000,33
after-map,5,1000000,metric_warm,145,7101.400,1280,800,2038,1000001,1000000,33
after-map,5,1000000,metric_warm,146,9044.100,1280,800,2038,1000001,1000000,33
after-map,5,1000000,metric_warm,147,7700.600,1280,800,2038,1000001,1000000,33
after-map,5,1000000,metric_warm,148,8944.200,1280,800,2038,1000001,1000000,33
after-map,5,1000000,metric_warm,149,7876.400,1280,800,2038,1000001,1000000,33
after-map,5,1000000,metric_warm,150,8305.400,1280,800,2038,1000001,1000000,33
after-map,5,1000000,metric_warm,151,7756.800,1280,800,2038,1000001,1000000,33
after-map,5,1000000,metric_warm,152,8286.700,1280,800,2038,1000001,1000000,33
after-map,5,1000000,metric_warm,153,8331.900,1280,800,2038,1000001,1000000,33
after-map,5,1000000,metric_warm,154,9042.600,1280,800,2038,1000001,1000000,33
after-map,5,1000000,metric_warm,155,9333.400,1280,800,2038,1000001,1000000,33
after-map,5,1000000,metric_warm,156,9408.800,1280,800,2038,1000001,1000000,33
after-map,5,1000000,metric_warm,157,7613.400,1280,800,2038,1000001,1000000,33
after-map,5,1000000,metric_warm,158,10394.100,1280,800,2038,1000001,1000000,33
after-map,5,1000000,metric_warm,159,8317.000,1280,800,2038,1000001,1000000,33
after-map,5,1000000,metric_warm,160,10479.300,1280,800,2038,1000001,1000000,33
after-map,5,1000000,metric_warm,161,10347.600,1280,800,2038,1000001,1000000,33
after-map,5,1000000,metric_warm,162,10448.600,1280,800,2038,1000001,1000000,33
after-map,5,1000000,metric_warm,163,8532.000,1280,800,2038,1000001,1000000,33
after-map,5,1000000,metric_warm,164,9395.400,1280,800,2038,1000001,1000000,33
after-map,5,1000000,metric_warm,165,10726.700,1280,800,2038,1000001,1000000,33
after-map,5,1000000,metric_warm,166,8634.300,1280,800,2038,1000001,1000000,33
after-map,5,1000000,metric_warm,167,10768.700,1280,800,2038,1000001,1000000,33
after-map,5,1000000,metric_warm,168,9881.100,1280,800,2038,1000001,1000000,33
after-map,5,1000000,metric_warm,169,10714.300,1280,800,2038,1000001,1000000,33
after-map,5,1000000,metric_warm,170,11050.700,1280,800,2038,1000001,1000000,33
after-map,5,1000000,metric_warm,171,8542.700,1280,800,2038,1000001,1000000,33
after-map,5,1000000,metric_warm,172,10270.500,1280,800,2038,1000001,1000000,33
after-map,5,1000000,metric_warm,173,9289.500,1280,800,2038,1000001,1000000,33
after-map,5,1000000,metric_warm,174,9602.100,1280,800,2038,1000001,1000000,33
after-map,5,1000000,metric_warm,175,11092.400,1280,800,2038,1000001,1000000,33
after-map,5,1000000,metric_warm,176,9872.200,1280,800,2038,1000001,1000000,33
after-map,5,1000000,metric_warm,177,11642.400,1280,800,2038,1000001,1000000,33
after-map,5,1000000,metric_warm,178,9445.000,1280,800,2038,1000001,1000000,33
after-map,5,1000000,metric_warm,179,10971.400,1280,800,2038,1000001,1000000,33
after-map,5,1000000,metric_warm,180,10750.200,1280,800,2038,1000001,1000000,33
after-map,5,1000000,metric_warm,181,10411.700,1280,800,2038,1000001,1000000,33
after-map,5,1000000,metric_warm,182,10322.000,1280,800,2038,1000001,1000000,33
after-map,5,1000000,metric_warm,183,9475.900,1280,800,2038,1000001,1000000,33
after-map,5,1000000,metric_warm,184,8804.300,1280,800,2038,1000001,1000000,33
after-map,5,1000000,metric_warm,185,10015.800,1280,800,2038,1000001,1000000,33
after-map,5,1000000,metric_warm,186,9451.100,1280,800,2038,1000001,1000000,33
after-map,5,1000000,metric_warm,187,11035.100,1280,800,2038,1000001,1000000,33
after-map,5,1000000,metric_warm,188,10451.900,1280,800,2038,1000001,1000000,33
after-map,5,1000000,metric_warm,189,9022.100,1280,800,2038,1000001,1000000,33
after-map,5,1000000,metric_warm,190,10323.800,1280,800,2038,1000001,1000000,33
after-map,5,1000000,metric_warm,191,10657.100,1280,800,2038,1000001,1000000,33
after-map,5,1000000,metric_warm,192,10268.100,1280,800,2038,1000001,1000000,33
after-map,5,1000000,metric_warm,193,10538.800,1280,800,2038,1000001,1000000,33
after-map,5,1000000,metric_warm,194,8449.100,1280,800,2038,1000001,1000000,33
after-map,5,1000000,metric_warm,195,12523.700,1280,800,2038,1000001,1000000,33
after-map,5,1000000,metric_warm,196,9286.400,1280,800,2038,1000001,1000000,33
after-map,5,1000000,metric_warm,197,10794.800,1280,800,2038,1000001,1000000,33
after-map,5,1000000,metric_warm,198,11845.000,1280,800,2038,1000001,1000000,33
after-map,5,1000000,metric_warm,199,11965.400,1280,800,2038,1000001,1000000,33
