"sample","sampled_cpu_ms","sampled_peak_working_bytes","sampled_peak_private_bytes","sampled_peak_handles"
"before-100000-1","1296.875","100421632","97718272","173"
"after-map-100000-1","1187.5","97124352","94388224","173"
"after-list-100000-1","1484.375","87658496","84467712","173"
"before-1000000-1","12843.75","776011776","780673024","173"
"after-map-1000000-1","16078.125","745672704","750538752","173"
"after-list-1000000-1","14625","778645504","784326656","173"
"layout-before-flat-100000-1","312.5","77041664","81752064","138"
"layout-after-flat-100000-1","171.875","92745728","100773888","138"
"layout-before-flat-1000000-1","2296.875","1162072064","1189675008","138"
"layout-after-flat-1000000-1","2203.125","1160937472","1190166528","138"
"layout-before-balanced-100000-1","281.25","93073408","102592512","138"
"layout-after-balanced-100000-1","234.375","90595328","89862144","138"
"layout-before-balanced-1000000-1","2062.5","1153699840","1191866368","138"
"layout-after-balanced-1000000-1","2562.5","1180962816","1192001536","138"
"layout-before-deep-100000-1","109.375","94113792","100913152","138"
"layout-after-deep-100000-1","62.5","88088576","88293376","138"
"layout-before-deep-1000000-1","2750","1147240448","1191084032","138"
"layout-after-deep-1000000-1","2359.375","1134403584","1190928384","138"
"after-map-100000-2","1296.875","97705984","112680960","173"
"after-list-100000-2","1406.25","84762624","82636800","173"
"before-100000-2","1171.875","63668224","78241792","173"
"after-map-1000000-2","15718.75","755646464","760295424","173"
"after-list-1000000-2","15046.875","749547520","755011584","173"
"before-1000000-2","12109.375","808460288","813285376","173"
"layout-after-flat-100000-2","93.75","87748608","88096768","138"
"layout-before-flat-100000-2","125","99479552","100646912","138"
"layout-after-flat-1000000-2","1828.125","1166127104","1189801984","138"
"layout-before-flat-1000000-2","1687.5","1141751808","1189900288","138"
"layout-after-balanced-100000-2","78.125","72314880","89882624","138"
"layout-before-balanced-100000-2","578.125","82825216","83525632","138"
"layout-after-balanced-1000000-2","2234.375","1163354112","1191743488","138"
"layout-before-balanced-1000000-2","2015.625","1135648768","1191776256","138"
"layout-after-deep-100000-2","218.75","98246656","101109760","138"
"layout-before-deep-100000-2","93.75","88141824","88666112","138"
"layout-after-deep-1000000-2","1953.125","1152335872","1191444480","138"
"layout-before-deep-1000000-2","2156.25","1158455296","1191776256","138"
"after-list-100000-3","1468.75","101335040","98045952","173"
"before-100000-3","1125","67383296","79245312","173"
"after-map-100000-3","1140.625","75644928","90640384","173"
"after-list-1000000-3","15640.625","818786304","824438784","173"
"before-1000000-3","12078.125","877240320","882524160","173"
"after-map-1000000-3","14359.375","877539328","883556352","173"
"layout-before-flat-100000-3","125","75771904","100618240","138"
"layout-after-flat-100000-3","93.75","89686016","100884480","138"
"layout-before-flat-1000000-3","2312.5","1138839552","1190137856","138"
"layout-after-flat-1000000-3","2171.875","1176580096","1189765120","138"
"layout-before-balanced-100000-3","296.875","102309888","102617088","138"
"layout-after-balanced-100000-3","78.125","90664960","90017792","138"
"layout-before-balanced-1000000-3","2000","1173880832","1191706624","138"
"layout-after-balanced-1000000-3","1796.875","1183207424","1192165376","138"
"layout-before-deep-100000-3","109.375","75481088","100888576","138"
"layout-after-deep-100000-3","125","88707072","101076992","138"
"layout-before-deep-1000000-3","1750","1172070400","1191247872","138"
"layout-after-deep-1000000-3","1687.5","1134772224","1191178240","138"
"before-100000-4","1375","75939840","89911296","173"
"after-map-100000-4","1250","84631552","81240064","173"
"after-list-100000-4","1484.375","71806976","81772544","173"
"before-1000000-4","11593.75","883154944","888250368","173"
"after-map-1000000-4","15500","875892736","881086464","173"
"after-list-1000000-4","14796.875","788885504","793702400","173"
"layout-after-flat-100000-4","93.75","87711744","88137728","138"
"layout-before-flat-100000-4","93.75","68739072","73666560","138"
"layout-after-flat-1000000-4","1812.5","1161510912","1189736448","138"
"layout-before-flat-1000000-4","1687.5","1157324800","1189371904","138"
"layout-after-balanced-100000-4","328.125","90533888","89788416","138"
"layout-before-balanced-100000-4","296.875","90611712","89919488","138"
"layout-after-balanced-1000000-4","2109.375","1160687616","1191796736","138"
"layout-before-balanced-1000000-4","1843.75","1148649472","1192087552","138"
"layout-after-deep-100000-4","62.5","87891968","88264704","138"
"layout-before-deep-100000-4","109.375","88068096","88428544","138"
"layout-after-deep-1000000-4","1578.125","1151401984","1191723008","138"
"layout-before-deep-1000000-4","1828.125","1162723328","1190948864","138"
"after-map-100000-5","1125","89538560","86118400","173"
"after-list-100000-5","1343.75","74276864","70684672","173"
"before-100000-5","1125","65515520","79216640","173"
"after-map-1000000-5","15125","893382656","899739648","173"
"after-list-1000000-5","15593.75","809013248","813953024","173"
"before-1000000-5","13359.375","893923328","1066823680","173"
"layout-before-flat-100000-5","125","94490624","100818944","138"
"layout-after-flat-100000-5","93.75","93143040","100884480","138"
"layout-before-flat-1000000-5","2250","1165398016","1189871616","138"
"layout-after-flat-1000000-5","2109.375","1162035200","1189953536","138"
"layout-before-balanced-100000-5","93.75","80379904","83668992","138"
"layout-after-balanced-100000-5","62.5","90603520","89980928","138"
"layout-before-balanced-1000000-5","2250","1156374528","1192185856","138"
"layout-after-balanced-1000000-5","2328.125","1155801088","1192308736","138"
"layout-before-deep-100000-5","109.375","87977984","88264704","138"
"layout-after-deep-100000-5","281.25","88080384","88363008","138"
"layout-before-deep-1000000-5","1718.75","1168416768","1190711296","138"
"layout-after-deep-1000000-5","1859.375","1176559616","1191006208","138"
"after-list-100000-6","1390.625","95215616","92823552","173"
"before-100000-6","1203.125","62894080","77246464","173"
"after-map-100000-6","1546.875","93126656","89804800","173"
"after-list-1000000-6","16546.875","1062350848","1117466624","173"
"before-1000000-6","10453.125","736092160","740835328","173"
"after-map-1000000-6","15109.375","851009536","857264128","173"
"layout-after-flat-100000-6","156.25","98467840","100925440","138"
"layout-before-flat-100000-6","187.5","87842816","100806656","138"
"layout-after-flat-1000000-6","1890.625","1173684224","1189564416","138"
"layout-before-flat-1000000-6","2343.75","1171746816","1189847040","138"
"layout-after-balanced-100000-6","109.375","90701824","90058752","138"
"layout-before-balanced-100000-6","78.125","90550272","89878528","138"
"layout-after-balanced-1000000-6","2968.75","1144696832","1191669760","138"
"layout-before-balanced-1000000-6","2890.625","1157042176","1192140800","138"
"layout-after-deep-100000-6","109.375","88023040","88297472","138"
"layout-before-deep-100000-6","125","87756800","101146624","138"
"layout-after-deep-1000000-6","1671.875","1166118912","1191157760","138"
"layout-before-deep-1000000-6","2312.5","1160544256","1191116800","138"
"before-100000-7","1234.375","89047040","115326976","173"
"after-map-100000-7","1031.25","67125248","78704640","173"
"after-list-100000-7","1359.375","70049792","79101952","173"
"before-1000000-7","12781.25","1052106752","1155608576","173"
"after-map-1000000-7","14953.125","838295552","844365824","173"
"after-list-1000000-7","16750","866254848","871931904","173"
"layout-before-flat-100000-7","125","87601152","87904256","138"
"layout-after-flat-100000-7","140.625","87867392","88244224","138"
"layout-before-flat-1000000-7","1812.5","1134641152","1190273024","138"
"layout-after-flat-1000000-7","1781.25","1151606784","1189490688","138"
"layout-before-balanced-100000-7","218.75","84774912","102592512","138"
"layout-after-balanced-100000-7","62.5","94359552","102621184","138"
"layout-before-balanced-1000000-7","2312.5","1144815616","1191600128","138"
"layout-after-balanced-1000000-7","2640.625","1180434432","1192091648","138"
"layout-before-deep-100000-7","93.75","82554880","100966400","138"
"layout-after-deep-100000-7","78.125","90726400","100888576","138"
"layout-before-deep-1000000-7","2234.375","1167663104","1192218624","138"
"layout-after-deep-1000000-7","2375","1161826304","1191301120","138"
