variant,entries,run,stage,frames,median_us,p95_us,max_us
before,100000,1,snapshot_first,1,3884.1,3884.1,3884.1
before,100000,1,snapshot_transition,200,871.9000000000001,1231.1,3497.1
before,100000,1,warm,200,569.6,869.7,1219.3
before,100000,1,metric_first,1,705.7,705.7,705.7
before,100000,1,metric_transition,200,1263.7,2067.1,3218.8
before,100000,1,metric_warm,200,1117.8,1604.1,2266.3
before,100000,2,snapshot_first,1,3365.0,3365.0,3365.0
before,100000,2,snapshot_transition,200,881.0,1325.2,2342.2
before,100000,2,warm,200,515.8,794.4,1714.8
before,100000,2,metric_first,1,634.1,634.1,634.1
before,100000,2,metric_transition,200,1722.1,3088.9,3698.1
before,100000,2,metric_warm,200,1069.95,1537.6,1784.6
before,100000,3,snapshot_first,1,3508.9,3508.9,3508.9
before,100000,3,snapshot_transition,200,914.0,1393.2,2345.1
before,100000,3,warm,200,519.85,877.2,1971.8
before,100000,3,metric_first,1,803.5,803.5,803.5
before,100000,3,metric_transition,200,1389.05,2955.8,3605.7
before,100000,3,metric_warm,200,1139.1,1947.2,5024.3
before,100000,4,snapshot_first,1,3636.7,3636.7,3636.7
before,100000,4,snapshot_transition,200,967.25,1507.3,3006.4
before,100000,4,warm,200,623.8,1115.8,1867.2
before,100000,4,metric_first,1,554.5,554.5,554.5
before,100000,4,metric_transition,200,1652.7,2883.9,3740.9
before,100000,4,metric_warm,200,1483.45,2277.8,2672.3
before,100000,5,snapshot_first,1,6946.5,6946.5,6946.5
before,100000,5,snapshot_transition,200,976.25,1563.9,2631.2
before,100000,5,warm,200,590.2,1040.5,1683.2
before,100000,5,metric_first,1,859.6,859.6,859.6
before,100000,5,metric_transition,200,1333.5,2603.8,3205.7
before,100000,5,metric_warm,200,1069.1999999999998,1619.9,1955.4
before,100000,6,snapshot_first,1,4015.1,4015.1,4015.1
before,100000,6,snapshot_transition,200,928.7,1527.8,2580.5
before,100000,6,warm,200,548.85,895.0,1031.9
before,100000,6,metric_first,1,635.2,635.2,635.2
before,100000,6,metric_transition,200,1273.5,2382.7,3013.3
before,100000,6,metric_warm,200,1258.0,1754.5,2090.8
before,100000,7,snapshot_first,1,8399.5,8399.5,8399.5
before,100000,7,snapshot_transition,200,961.45,1542.7,3972.2
before,100000,7,warm,200,528.0,811.6,1324.8
before,100000,7,metric_first,1,473.1,473.1,473.1
before,100000,7,metric_transition,200,1611.8000000000002,2772.1,3269.7
before,100000,7,metric_warm,200,1158.6,1607.2,2264.4
before,1000000,1,snapshot_first,1,13461.3,13461.3,13461.3
before,1000000,1,snapshot_transition,200,10069.349999999999,16468.1,18763.1
before,1000000,1,warm,200,13040.7,16742.9,18168.9
before,1000000,1,metric_first,1,15459.6,15459.6,15459.6
before,1000000,1,metric_transition,200,10964.099999999999,15206.5,17391.4
before,1000000,1,metric_warm,200,9787.349999999999,13310.4,14368.4
before,1000000,2,snapshot_first,1,12164.6,12164.6,12164.6
before,1000000,2,snapshot_transition,200,9663.6,14577.5,17271.6
before,1000000,2,warm,200,10468.95,14917.3,17618.1
before,1000000,2,metric_first,1,11949.1,11949.1,11949.1
before,1000000,2,metric_transition,200,9613.1,12802.7,18584.7
before,1000000,2,metric_warm,200,10500.35,15582.2,16676.9
before,1000000,3,snapshot_first,1,14134.3,14134.3,14134.3
before,1000000,3,snapshot_transition,200,9588.0,14553.2,16488.8
before,1000000,3,warm,200,9402.0,13112.0,15866.4
before,1000000,3,metric_first,1,11626.9,11626.9,11626.9
before,1000000,3,metric_transition,200,9850.150000000001,14375.1,15822.8
before,1000000,3,metric_warm,200,10921.95,15235.3,17177.6
before,1000000,4,snapshot_first,1,13811.0,13811.0,13811.0
before,1000000,4,snapshot_transition,200,8998.7,12049.4,14149.4
before,1000000,4,warm,200,9508.8,14132.0,15655.7
before,1000000,4,metric_first,1,8920.8,8920.8,8920.8
before,1000000,4,metric_transition,200,9630.55,13025.8,16038.5
before,1000000,4,metric_warm,200,9215.05,11167.9,12754.5
before,1000000,5,snapshot_first,1,13257.3,13257.3,13257.3
before,1000000,5,snapshot_transition,200,10612.6,15367.7,17211.9
before,1000000,5,warm,200,9638.7,14206.6,15632.5
before,1000000,5,metric_first,1,9842.7,9842.7,9842.7
before,1000000,5,metric_transition,200,9744.7,14129.0,17479.8
before,1000000,5,metric_warm,200,9000.3,11025.9,11960.6
before,1000000,6,snapshot_first,1,12898.5,12898.5,12898.5
before,1000000,6,snapshot_transition,200,8895.15,11249.1,14895.7
before,1000000,6,warm,200,8969.05,12811.7,14695.5
before,1000000,6,metric_first,1,12368.1,12368.1,12368.1
before,1000000,6,metric_transition,200,9540.1,14054.1,16475.8
before,1000000,6,metric_warm,200,8753.75,10618.9,14477.6
before,1000000,7,snapshot_first,1,11022.4,11022.4,11022.4
before,1000000,7,snapshot_transition,200,9204.0,13810.1,16380.1
before,1000000,7,warm,200,10330.5,15171.5,16487.2
before,1000000,7,metric_first,1,14405.8,14405.8,14405.8
before,1000000,7,metric_transition,200,10236.55,14329.5,16125.7
before,1000000,7,metric_warm,200,9777.1,14935.1,16703.3
after-map,100000,1,snapshot_first,1,3927.4,3927.4,3927.4
after-map,100000,1,snapshot_transition,200,909.9,1540.5,2227.4
after-map,100000,1,warm,200,440.55,806.2,1922.3
after-map,100000,1,metric_first,1,815.3,815.3,815.3
after-map,100000,1,metric_transition,200,1131.0500000000002,1639.4,1829.7
after-map,100000,1,metric_warm,200,834.75,1433.7,1807.0
after-map,100000,2,snapshot_first,1,2930.6,2930.6,2930.6
after-map,100000,2,snapshot_transition,200,932.1500000000001,1403.3,1838.4
after-map,100000,2,warm,200,439.75,745.7,1868.8
after-map,100000,2,metric_first,1,993.1,993.1,993.1
after-map,100000,2,metric_transition,200,1339.9,2438.7,3325.1
after-map,100000,2,metric_warm,200,866.2,1320.3,1652.5
after-map,100000,3,snapshot_first,1,3587.6,3587.6,3587.6
after-map,100000,3,snapshot_transition,200,762.35,1271.2,2215.9
after-map,100000,3,warm,200,490.1,931.8,1428.8
after-map,100000,3,metric_first,1,661.0,661.0,661.0
after-map,100000,3,metric_transition,200,1138.8000000000002,1882.1,2317.2
after-map,100000,3,metric_warm,200,962.5999999999999,1469.5,2642.0
after-map,100000,4,snapshot_first,1,3037.7,3037.7,3037.7
after-map,100000,4,snapshot_transition,200,912.55,1368.2,2257.8
after-map,100000,4,warm,200,412.35,695.8,1061.1
after-map,100000,4,metric_first,1,1095.0,1095.0,1095.0
after-map,100000,4,metric_transition,200,1342.05,2396.0,2855.3
after-map,100000,4,metric_warm,200,951.9,1800.3,2854.5
after-map,100000,5,snapshot_first,1,2680.9,2680.9,2680.9
after-map,100000,5,snapshot_transition,200,856.45,1269.2,1686.2
after-map,100000,5,warm,200,684.75,1176.8,1536.2
after-map,100000,5,metric_first,1,1098.4,1098.4,1098.4
after-map,100000,5,metric_transition,200,1134.65,1654.8,2403.2
after-map,100000,5,metric_warm,200,1036.15,1448.9,2135.4
after-map,100000,6,snapshot_first,1,3293.3,3293.3,3293.3
after-map,100000,6,snapshot_transition,200,847.9,1278.6,1826.9
after-map,100000,6,warm,200,644.55,1013.1,1680.3
after-map,100000,6,metric_first,1,985.7,985.7,985.7
after-map,100000,6,metric_transition,200,1140.9,1684.3,1928.6
after-map,100000,6,metric_warm,200,988.55,1455.6,2236.8
after-map,100000,7,snapshot_first,1,2950.9,2950.9,2950.9
after-map,100000,7,snapshot_transition,200,849.1,1223.1,1852.3
after-map,100000,7,warm,200,481.15,852.9,1066.3
after-map,100000,7,metric_first,1,761.7,761.7,761.7
after-map,100000,7,metric_transition,200,1044.95,1482.2,1750.5
after-map,100000,7,metric_warm,200,858.4,1376.2,2107.0
after-map,1000000,1,snapshot_first,1,13209.8,13209.8,13209.8
after-map,1000000,1,snapshot_transition,200,8305.25,10014.1,11270.5
after-map,1000000,1,warm,200,11149.7,16535.4,18206.6
after-map,1000000,1,metric_first,1,9903.4,9903.4,9903.4
after-map,1000000,1,metric_transition,200,10201.3,15744.8,17566.6
after-map,1000000,1,metric_warm,200,12656.1,16639.2,17924.4
after-map,1000000,2,snapshot_first,1,12835.4,12835.4,12835.4
after-map,1000000,2,snapshot_transition,200,8530.55,13966.5,16531.8
after-map,1000000,2,warm,200,10143.3,15214.6,17279.9
after-map,1000000,2,metric_first,1,16088.6,16088.6,16088.6
after-map,1000000,2,metric_transition,200,8777.25,11255.3,15801.3
after-map,1000000,2,metric_warm,200,9723.4,14936.7,17142.0
after-map,1000000,3,snapshot_first,1,10644.5,10644.5,10644.5
after-map,1000000,3,snapshot_transition,200,8364.1,10355.0,12183.1
after-map,1000000,3,warm,200,9040.45,10514.1,11999.1
after-map,1000000,3,metric_first,1,10240.4,10240.4,10240.4
after-map,1000000,3,metric_transition,200,8926.75,11102.4,12999.1
after-map,1000000,3,metric_warm,200,8711.1,10083.1,12790.2
after-map,1000000,4,snapshot_first,1,10354.6,10354.6,10354.6
after-map,1000000,4,snapshot_transition,200,8469.95,9933.9,12161.6
after-map,1000000,4,warm,200,9757.900000000001,14706.5,15537.6
after-map,1000000,4,metric_first,1,13710.5,13710.5,13710.5
after-map,1000000,4,metric_transition,200,8984.75,14016.4,15871.4
after-map,1000000,4,metric_warm,200,9255.7,13523.7,15059.7
after-map,1000000,5,snapshot_first,1,13323.3,13323.3,13323.3
after-map,1000000,5,snapshot_transition,200,8460.4,10295.6,11945.1
after-map,1000000,5,warm,200,9326.05,12099.7,14575.0
after-map,1000000,5,metric_first,1,10275.7,10275.7,10275.7
after-map,1000000,5,metric_transition,200,8952.55,11099.1,13787.5
after-map,1000000,5,metric_warm,200,9019.3,11086.5,12523.7
after-map,1000000,6,snapshot_first,1,11026.9,11026.9,11026.9
after-map,1000000,6,snapshot_transition,200,8105.25,9916.9,11258.9
after-map,1000000,6,warm,200,9218.05,12954.2,15349.9
after-map,1000000,6,metric_first,1,12638.4,12638.4,12638.4
after-map,1000000,6,metric_transition,200,9186.45,12672.1,15590.6
after-map,1000000,6,metric_warm,200,9479.0,14667.3,15416.9
after-map,1000000,7,snapshot_first,1,11689.2,11689.2,11689.2
after-map,1000000,7,snapshot_transition,200,8173.95,10344.1,14132.8
after-map,1000000,7,warm,200,9566.7,14543.9,17093.9
after-map,1000000,7,metric_first,1,10195.4,10195.4,10195.4
after-map,1000000,7,metric_transition,200,8783.65,12969.6,16468.5
after-map,1000000,7,metric_warm,200,8864.6,13390.6,16465.9
after-list,100000,1,snapshot_first,1,3995.4,3995.4,3995.4
after-list,100000,1,snapshot_transition,200,973.1,1358.8,2703.4
after-list,100000,1,warm,200,692.45,1103.8,1886.5
after-list,100000,1,metric_first,1,915.4,915.4,915.4
after-list,100000,1,metric_transition,200,1402.7,2006.1,3012.1
after-list,100000,1,metric_warm,200,1291.9,1768.3,2410.4
after-list,100000,2,snapshot_first,1,2936.3,2936.3,2936.3
after-list,100000,2,snapshot_transition,200,951.5,1498.7,1987.8
after-list,100000,2,warm,200,742.8,1305.2,1623.0
after-list,100000,2,metric_first,1,939.5,939.5,939.5
after-list,100000,2,metric_transition,200,1641.75,3216.4,3675.9
after-list,100000,2,metric_warm,200,1517.1,2195.0,3499.3
after-list,100000,3,snapshot_first,1,3139.6,3139.6,3139.6
after-list,100000,3,snapshot_transition,200,1004.5,1638.8,2247.0
after-list,100000,3,warm,200,580.1,895.8,1540.9
after-list,100000,3,metric_first,1,851.5,851.5,851.5
after-list,100000,3,metric_transition,200,1792.95,3240.6,4020.7
after-list,100000,3,metric_warm,200,1512.4499999999998,2208.3,2876.9
after-list,100000,4,snapshot_first,1,2864.7,2864.7,2864.7
after-list,100000,4,snapshot_transition,200,972.05,1517.3,3138.4
after-list,100000,4,warm,200,1030.15,1962.2,2692.3
after-list,100000,4,metric_first,1,1665.1,1665.1,1665.1
after-list,100000,4,metric_transition,200,1412.6999999999998,2165.3,5162.9
after-list,100000,4,metric_warm,200,1438.0,2152.6,3107.0
after-list,100000,5,snapshot_first,1,3219.6,3219.6,3219.6
after-list,100000,5,snapshot_transition,200,1024.25,1623.8,3274.4
after-list,100000,5,warm,200,768.9,1208.4,1460.8
after-list,100000,5,metric_first,1,1585.9,1585.9,1585.9
after-list,100000,5,metric_transition,200,1519.5500000000002,2581.2,3015.2
after-list,100000,5,metric_warm,200,1187.95,1705.0,1835.1
after-list,100000,6,snapshot_first,1,2759.0,2759.0,2759.0
after-list,100000,6,snapshot_transition,200,1025.2,1818.8,2272.2
after-list,100000,6,warm,200,699.1500000000001,1060.3,1493.0
after-list,100000,6,metric_first,1,963.6,963.6,963.6
after-list,100000,6,metric_transition,200,1766.4,3293.3,3659.0
after-list,100000,6,metric_warm,200,1340.05,1871.4,2531.3
after-list,100000,7,snapshot_first,1,2911.1,2911.1,2911.1
after-list,100000,7,snapshot_transition,200,1014.95,1681.6,2433.3
after-list,100000,7,warm,200,618.7,974.0,1186.8
after-list,100000,7,metric_first,1,994.0,994.0,994.0
after-list,100000,7,metric_transition,200,1766.25,3198.3,4030.2
after-list,100000,7,metric_warm,200,1175.8000000000002,1697.2,2362.1
after-list,1000000,1,snapshot_first,1,13800.1,13800.1,13800.1
after-list,1000000,1,snapshot_transition,200,8846.55,13396.5,16819.9
after-list,1000000,1,warm,200,9525.3,11015.1,11781.1
after-list,1000000,1,metric_first,1,10416.3,10416.3,10416.3
after-list,1000000,1,metric_transition,200,9657.7,12837.7,27623.7
after-list,1000000,1,metric_warm,200,9401.9,11875.1,14476.7
after-list,1000000,2,snapshot_first,1,12495.8,12495.8,12495.8
after-list,1000000,2,snapshot_transition,200,8331.55,11801.2,15689.1
after-list,1000000,2,warm,200,9698.150000000001,14814.6,16118.5
after-list,1000000,2,metric_first,1,12221.2,12221.2,12221.2
after-list,1000000,2,metric_transition,200,9387.45,14541.9,16996.7
after-list,1000000,2,metric_warm,200,9331.55,13661.4,15263.7
after-list,1000000,3,snapshot_first,1,13311.1,13311.1,13311.1
after-list,1000000,3,snapshot_transition,200,8342.45,12426.7,15971.1
after-list,1000000,3,warm,200,10510.05,16149.8,17790.1
after-list,1000000,3,metric_first,1,9486.4,9486.4,9486.4
after-list,1000000,3,metric_transition,200,9588.35,15639.0,17663.4
after-list,1000000,3,metric_warm,200,11122.25,16532.1,17438.7
after-list,1000000,4,snapshot_first,1,12638.9,12638.9,12638.9
after-list,1000000,4,snapshot_transition,200,8237.45,12657.2,15830.0
after-list,1000000,4,warm,200,9500.05,14193.2,15560.0
after-list,1000000,4,metric_first,1,10601.5,10601.5,10601.5
after-list,1000000,4,metric_transition,200,9134.95,13929.6,16562.7
after-list,1000000,4,metric_warm,200,10947.05,15716.1,16608.9
after-list,1000000,5,snapshot_first,1,12862.6,12862.6,12862.6
after-list,1000000,5,snapshot_transition,200,8331.45,11215.3,14718.0
after-list,1000000,5,warm,200,9275.3,11594.0,13889.1
after-list,1000000,5,metric_first,1,11559.1,11559.1,11559.1
after-list,1000000,5,metric_transition,200,9614.2,12638.7,16427.4
after-list,1000000,5,metric_warm,200,11091.8,15467.8,17089.0
after-list,1000000,6,snapshot_first,1,14845.5,14845.5,14845.5
after-list,1000000,6,snapshot_transition,200,8728.9,11112.7,15003.9
after-list,1000000,6,warm,200,9529.6,11806.7,19439.9
after-list,1000000,6,metric_first,1,10747.3,10747.3,10747.3
after-list,1000000,6,metric_transition,200,9340.2,15386.0,17920.9
after-list,1000000,6,metric_warm,200,10819.3,15637.7,16614.8
after-list,1000000,7,snapshot_first,1,13227.8,13227.8,13227.8
after-list,1000000,7,snapshot_transition,200,8267.45,12497.2,15513.7
after-list,1000000,7,warm,200,9724.15,13578.5,16704.2
after-list,1000000,7,metric_first,1,10494.3,10494.3,10494.3
after-list,1000000,7,metric_transition,200,9245.55,11275.3,13217.1
after-list,1000000,7,metric_warm,200,9336.0,12387.8,18302.0
